tick,date,variant,clusters,sample_count
0,2022-11-29,XBB.1.5,1,1
19,2022-12-18,XBB.1.5,1,6
22,2022-12-21,XBB.2.3,1,48
32,2022-12-31,XBB.1.5,1,4
36,2023-01-04,XBB.1.5,1,1
37,2023-01-05,XBB.1.5,1,1
37,2023-01-05,XBB.1.5,1,1
39,2023-01-07,XBB.1.5,1,2
43,2023-01-11,XBB.1.5,1,1
44,2023-01-12,XBB.1.5,1,1
44,2023-01-12,XBB.1.5,1,1
46,2023-01-14,XBB.1.5,1,2
46,2023-01-14,XBB.1.5,1,2
48,2023-01-16,XBB.1.5,1,2
48,2023-01-16,XBB.1.5,1,1
48,2023-01-16,XBB.1.5,1,1
48,2023-01-16,XBB.1.5,1,1
48,2023-01-16,XBB.1.5,1,1
48,2023-01-16,XBB.1.5,1,1
49,2023-01-17,XBB.1.5,1,1
50,2023-01-18,XBB.1.5,1,2
51,2023-01-19,XBB.1.5,1,2
54,2023-01-22,XBB.1.5,1,2
54,2023-01-22,XBB.1.5,1,2
55,2023-01-23,XBB.1.5,1,3
55,2023-01-23,XBB.1.5,1,1
57,2023-01-25,XBB.1.5,1,6
58,2023-01-26,XBB.1.5,1,1
59,2023-01-27,XBB.1.5,1,6
60,2023-01-28,XBB.1.5,1,1
60,2023-01-28,XBB.1.5,1,1
62,2023-01-30,XBB.1.5,1,1
65,2023-02-02,XBB.1.5,1,2
65,2023-02-02,XBB.1.5,1,1
66,2023-02-03,XBB.1.5,1,1
66,2023-02-03,XBB.1.5,1,1
66,2023-02-03,XBB.1.5,1,1
67,2023-02-04,XBB.1.5,1,3
68,2023-02-05,XBB.1.5,1,1
69,2023-02-06,XBB.1.5,1,2
69,2023-02-06,XBB.1.5,1,1
70,2023-02-07,XBB.1.5,1,2
70,2023-02-07,XBB.1.5,1,1
71,2023-02-08,XBB.1.5,1,1
71,2023-02-08,XBB.1.5,1,1
71,2023-02-08,XBB.1.5,1,1
72,2023-02-09,XBB.1.5,1,2
72,2023-02-09,XBB.1.5,1,2
72,2023-02-09,XBB.1.5,1,1
73,2023-02-10,XBB.1.5,1,2
74,2023-02-11,XBB.1.5,1,1
74,2023-02-11,XBB.1.5,1,1
75,2023-02-12,XBB.1.5,1,2
76,2023-02-13,XBB.1.5,1,1
78,2023-02-15,XBB.1.5,1,1
78,2023-02-15,XBB.1.5,1,1
79,2023-02-16,XBB.1.5,1,2
79,2023-02-16,XBB.1.5,1,1
80,2023-02-17,XBB.1.5,1,1
80,2023-02-17,XBB.1.5,1,1
80,2023-02-17,XBB.1.5,1,1
80,2023-02-17,XBB.1.5,1,1
80,2023-02-17,XBB.1.5,1,1
80,2023-02-17,XBB.2.3,1,2
81,2023-02-18,XBB.1.5,1,1
82,2023-02-19,XBB.1.5,1,2
83,2023-02-20,XBB.1.5,1,1
84,2023-02-21,XBB.1.5,1,1
84,2023-02-21,XBB.1.5,1,1
84,2023-02-21,XBB.1.5,1,1
85,2023-02-22,XBB.1.5,1,1
85,2023-02-22,XBB.1.5,1,1
86,2023-02-23,XBB.1.5,1,1
87,2023-02-24,XBB.1.5,1,1
89,2023-02-26,XBB.1.5,1,1
91,2023-02-28,XBB.1.5,1,3
91,2023-02-28,XBB.1.5,1,2
91,2023-02-28,XBB.1.5,1,1
91,2023-02-28,XBB.1.5,1,1
92,2023-03-01,XBB.1.5,1,3
92,2023-03-01,XBB.1.5,1,2
92,2023-03-01,XBB.1.5,1,1
93,2023-03-02,XBB.1.5,1,2
93,2023-03-02,XBB.1.5,1,1
94,2023-03-03,XBB.1.5,1,2
94,2023-03-03,XBB.1.5,1,2
94,2023-03-03,XBB.1.5,1,1
95,2023-03-04,XBB.1.5,1,1
95,2023-03-04,XBB.1.5,1,1
96,2023-03-05,XBB.1.5,1,2
97,2023-03-06,XBB.1.5,1,1
97,2023-03-06,XBB.1.5,1,1
97,2023-03-06,XBB.1.5,1,1
98,2023-03-07,XBB.1.5,1,1
99,2023-03-08,XBB.1.5,1,1
99,2023-03-08,XBB.1.5,1,1
99,2023-03-08,XBB.1.5,1,1
100,2023-03-09,XBB.1.5,1,1
101,2023-03-10,XBB.1.16,1,1
101,2023-03-10,XBB.1.5,1,1
104,2023-03-13,XBB.1.5,1,1
105,2023-03-14,XBB.1.5,1,1
106,2023-03-15,XBB.1.5,1,1
107,2023-03-16,XBB.1.5,1,1
107,2023-03-16,XBB.1.5,1,1
108,2023-03-17,XBB.1.5,1,5
108,2023-03-17,XBB.1.5,1,1
109,2023-03-18,XBB.1.5,1,6
109,2023-03-18,XBB.1.5,1,4
109,2023-03-18,XBB.1.5,1,1
110,2023-03-19,XBB.1.5,1,1
110,2023-03-19,XBB.1.5,1,1
111,2023-03-20,XBB.1.5,1,2
111,2023-03-20,XBB.1.5,1,1
111,2023-03-20,XBB.1.5,1,1
111,2023-03-20,XBB.1.5,1,1
112,2023-03-21,XBB.1.16,1,2
112,2023-03-21,XBB.1.5,1,2
112,2023-03-21,XBB.1.5,1,1
112,2023-03-21,XBB.1.5,1,1
112,2023-03-21,XBB.1.5,1,1
114,2023-03-23,XBB.1.16,1,1
114,2023-03-23,XBB.1.5,1,1
115,2023-03-24,XBB.1.5,1,4
115,2023-03-24,XBB.1.5,1,2
115,2023-03-24,XBB.1.5,1,1
115,2023-03-24,XBB.1.5,1,1
115,2023-03-24,XBB.1.5,1,1
115,2023-03-24,XBB.1.5,1,1
116,2023-03-25,XBB.1.5,1,2
116,2023-03-25,XBB.1.5,1,1
116,2023-03-25,XBB.1.5,1,1
116,2023-03-25,XBB.1.5,1,1
117,2023-03-26,XBB.1.5,1,1
117,2023-03-26,XBB.1.5,1,1
117,2023-03-26,XBB.1.5,1,1
118,2023-03-27,XBB.1.5,1,3
118,2023-03-27,XBB.1.5,1,1
118,2023-03-27,XBB.1.5,1,1
118,2023-03-27,XBB.1.5,1,1
119,2023-03-28,XBB.1.5,1,2
119,2023-03-28,XBB.1.5,1,1
119,2023-03-28,XBB.1.5,1,1
120,2023-03-29,XBB.1.16,1,2
120,2023-03-29,XBB.1.5,1,1
121,2023-03-30,XBB.1.5,1,1
121,2023-03-30,XBB.1.5,1,1
121,2023-03-30,XBB.1.5,1,1
121,2023-03-30,XBB.2.3,1,1
122,2023-03-31,XBB.1.5,1,1
123,2023-04-01,XBB.1.5,1,4
123,2023-04-01,XBB.1.5,1,1
124,2023-04-02,XBB.1.5,1,1
125,2023-04-03,XBB.1.16,1,1
125,2023-04-03,XBB.1.5,1,3
125,2023-04-03,XBB.1.5,1,1
125,2023-04-03,XBB.1.5,1,1
125,2023-04-03,XBB.1.5,1,1
126,2023-04-04,XBB.1.5,1,4
126,2023-04-04,XBB.1.5,1,1
126,2023-04-04,XBB.1.5,1,1
127,2023-04-05,XBB.1.5,1,2
127,2023-04-05,XBB.1.5,1,1
127,2023-04-05,XBB.2.3,1,2
128,2023-04-06,XBB.1.5,1,2
128,2023-04-06,XBB.1.5,1,1
130,2023-04-08,XBB.1.5,1,2
130,2023-04-08,XBB.1.5,1,1
130,2023-04-08,XBB.1.5,1,1
131,2023-04-09,EG.5,1,601
131,2023-04-09,XBB.1.5,1,2
132,2023-04-10,XBB.1.5,1,2
132,2023-04-10,XBB.1.5,1,2
132,2023-04-10,XBB.1.5,1,2
132,2023-04-10,XBB.1.5,1,2
133,2023-04-11,XBB.1.5,1,4
133,2023-04-11,XBB.1.5,1,1
133,2023-04-11,XBB.1.5,1,1
134,2023-04-12,XBB.1.5,1,1
134,2023-04-12,XBB.1.5,1,1
135,2023-04-13,XBB.1.16,1,2
135,2023-04-13,XBB.1.5,1,1
136,2023-04-14,XBB.1.16,1,2
136,2023-04-14,XBB.1.5,1,2
136,2023-04-14,XBB.1.5,1,1
136,2023-04-14,XBB.1.5,1,1
136,2023-04-14,XBB.1.5,1,1
136,2023-04-14,XBB.1.5,1,1
137,2023-04-15,XBB.1.16,1,2
137,2023-04-15,XBB.1.16,1,1
137,2023-04-15,XBB.1.5,1,3
137,2023-04-15,XBB.1.5,1,2
137,2023-04-15,XBB.1.5,1,2
138,2023-04-16,XBB.1.5,1,2
139,2023-04-17,XBB.1.16,1,2
139,2023-04-17,XBB.1.5,1,1
139,2023-04-17,XBB.1.5,1,1
139,2023-04-17,XBB.1.5,1,1
139,2023-04-17,XBB.1.5,1,1
139,2023-04-17,XBB.1.5,1,1
139,2023-04-17,XBB.2.3,1,1
140,2023-04-18,XBB.1.16,1,1
140,2023-04-18,XBB.1.5,1,1
141,2023-04-19,XBB.1.16,1,1
141,2023-04-19,XBB.1.5,1,1
141,2023-04-19,XBB.1.5,1,1
142,2023-04-20,XBB.2.3,1,1
143,2023-04-21,XBB.1.16,1,1
143,2023-04-21,XBB.1.5,1,2
143,2023-04-21,XBB.1.5,1,1
144,2023-04-22,XBB.1.16,1,2
144,2023-04-22,XBB.1.5,1,2
144,2023-04-22,XBB.1.5,1,1
144,2023-04-22,XBB.2.3,1,1
145,2023-04-23,XBB.1.16,1,4
145,2023-04-23,XBB.1.16,1,1
145,2023-04-23,XBB.1.5,1,1
145,2023-04-23,XBB.1.5,1,1
146,2023-04-24,XBB.1.5,1,2
146,2023-04-24,XBB.1.5,1,2
146,2023-04-24,XBB.1.5,1,1
146,2023-04-24,XBB.1.5,1,1
147,2023-04-25,XBB.1.16,1,2
147,2023-04-25,XBB.1.16,1,1
148,2023-04-26,XBB.1.5,1,2
148,2023-04-26,XBB.1.5,1,1
148,2023-04-26,XBB.2.3,1,1
149,2023-04-27,XBB.1.5,1,2
149,2023-04-27,XBB.1.5,1,1
150,2023-04-28,XBB.1.16,1,1
150,2023-04-28,XBB.1.5,1,2
150,2023-04-28,XBB.1.5,1,2
150,2023-04-28,XBB.1.5,1,2
150,2023-04-28,XBB.1.5,1,1
150,2023-04-28,XBB.2.3,1,2
151,2023-04-29,XBB.1.16,1,1
151,2023-04-29,XBB.1.5,1,2
151,2023-04-29,XBB.1.5,1,2
151,2023-04-29,XBB.2.3,1,20
152,2023-04-30,XBB.1.16,1,1
153,2023-05-01,XBB.1.5,1,1
153,2023-05-01,XBB.1.5,1,1
153,2023-05-01,XBB.1.5,1,1
153,2023-05-01,XBB.2.3,1,2
153,2023-05-01,XBB.2.3,1,2
154,2023-05-02,XBB.1.16,1,1
154,2023-05-02,XBB.1.16,1,1
155,2023-05-03,XBB.1.16,1,5
156,2023-05-04,XBB.1.16,1,1
156,2023-05-04,XBB.1.5,1,2
156,2023-05-04,XBB.1.5,1,1
156,2023-05-04,XBB.1.5,1,1
156,2023-05-04,XBB.2.3,1,20
157,2023-05-05,XBB.1.5,1,2
157,2023-05-05,XBB.1.5,1,2
157,2023-05-05,XBB.1.5,1,2
157,2023-05-05,XBB.1.5,1,1
157,2023-05-05,XBB.1.5,1,1
158,2023-05-06,XBB.1.5,1,1
158,2023-05-06,XBB.1.5,1,1
159,2023-05-07,EG.5,1,6
159,2023-05-07,XBB.1.5,1,1
160,2023-05-08,XBB.1.5,1,3
160,2023-05-08,XBB.1.5,1,1
160,2023-05-08,XBB.2.3,1,3
160,2023-05-08,XBB.2.3,1,2
161,2023-05-09,XBB.1.16,1,3
161,2023-05-09,XBB.1.5,1,2
162,2023-05-10,XBB.1.16,1,2
162,2023-05-10,XBB.1.5,1,2
162,2023-05-10,XBB.1.5,1,1
163,2023-05-11,XBB.1.5,1,2
163,2023-05-11,XBB.1.5,1,1
163,2023-05-11,XBB.2.3,1,2
164,2023-05-12,XBB.1.16,1,2
164,2023-05-12,XBB.1.5,1,1
165,2023-05-13,XBB.1.5,1,2
165,2023-05-13,XBB.1.5,1,1
166,2023-05-14,XBB.1.5,1,2
166,2023-05-14,XBB.1.5,1,1
166,2023-05-14,XBB.1.5,1,1
166,2023-05-14,XBB.1.5,1,1
167,2023-05-15,XBB.1.5,1,2
167,2023-05-15,XBB.1.5,1,2
167,2023-05-15,XBB.1.5,1,1
167,2023-05-15,XBB.1.5,1,1
168,2023-05-16,XBB.1.5,1,7
168,2023-05-16,XBB.1.5,1,1
169,2023-05-17,XBB.1.16,1,1
169,2023-05-17,XBB.1.5,1,1
171,2023-05-19,XBB.1.16,1,1
173,2023-05-21,XBB.1.5,1,1
174,2023-05-22,XBB.1.16,1,2
174,2023-05-22,XBB.1.16,1,1
174,2023-05-22,XBB.1.16,1,1
174,2023-05-22,XBB.1.16,1,1
174,2023-05-22,XBB.1.5,1,1
174,2023-05-22,XBB.1.5,1,1
174,2023-05-22,XBB.2.3,1,1
174,2023-05-22,XBB.2.3,1,1
176,2023-05-24,XBB.1.16,1,2
176,2023-05-24,XBB.1.16,1,1
176,2023-05-24,XBB.2.3,1,13
177,2023-05-25,XBB.1.16,1,14
177,2023-05-25,XBB.1.5,1,1
177,2023-05-25,XBB.2.3,1,2
178,2023-05-26,XBB.1.5,1,1
178,2023-05-26,XBB.2.3,1,2
179,2023-05-27,EG.5,1,137
179,2023-05-27,XBB.1.5,1,2
179,2023-05-27,XBB.1.5,1,2
179,2023-05-27,XBB.1.5,1,1
179,2023-05-27,XBB.2.3,1,14
179,2023-05-27,XBB.2.3,1,3
180,2023-05-28,XBB.1.16,1,1
181,2023-05-29,XBB.1.16,1,1
181,2023-05-29,XBB.1.5,1,1
182,2023-05-30,XBB.1.16,1,1
183,2023-05-31,XBB.1.16,1,7
183,2023-05-31,XBB.1.5,1,1
186,2023-06-03,XBB.1.16,1,1
186,2023-06-03,XBB.1.5,1,1
186,2023-06-03,XBB.2.3,1,2
187,2023-06-04,XBB.1.16,1,2
187,2023-06-04,XBB.1.16,1,1
187,2023-06-04,XBB.1.16,1,1
187,2023-06-04,XBB.1.5,1,2
187,2023-06-04,XBB.2.3,1,4
188,2023-06-05,XBB.1.5,1,3
188,2023-06-05,XBB.1.5,1,2
189,2023-06-06,XBB.1.16,1,2
189,2023-06-06,XBB.2.3,1,1
190,2023-06-07,XBB.1.5,1,1
190,2023-06-07,XBB.2.3,1,2
190,2023-06-07,XBB.2.3,1,1
191,2023-06-08,XBB.1.16,1,1
191,2023-06-08,XBB.1.5,1,1
191,2023-06-08,XBB.2.3,1,1
192,2023-06-09,XBB.1.16,1,12
193,2023-06-10,XBB.1.16,1,2
193,2023-06-10,XBB.1.5,1,6
193,2023-06-10,XBB.1.5,1,2
193,2023-06-10,XBB.1.5,1,2
193,2023-06-10,XBB.2.3,1,2
193,2023-06-10,XBB.2.3,1,1
195,2023-06-12,XBB.1.16,1,2
196,2023-06-13,XBB.1.16,1,2
196,2023-06-13,XBB.1.5,1,1
196,2023-06-13,XBB.1.5,1,1
196,2023-06-13,XBB.1.5,1,1
197,2023-06-14,EG.5,1,1
197,2023-06-14,XBB.1.16,1,1
198,2023-06-15,XBB.1.16,1,1
198,2023-06-15,XBB.1.5,1,1
198,2023-06-15,XBB.1.5,1,1
200,2023-06-17,XBB.1.5,1,1
200,2023-06-17,XBB.2.3,1,1
201,2023-06-18,XBB.1.16,1,2
202,2023-06-19,XBB.1.16,1,2
202,2023-06-19,XBB.1.5,1,1
203,2023-06-20,EG.5,1,2
203,2023-06-20,EG.5,1,1
203,2023-06-20,XBB.1.5,1,1
203,2023-06-20,XBB.1.5,1,1
204,2023-06-21,XBB.1.5,1,2
204,2023-06-21,XBB.1.5,1,1
204,2023-06-21,XBB.2.3,1,3
204,2023-06-21,XBB.2.3,1,1
205,2023-06-22,XBB.1.16,1,3
205,2023-06-22,XBB.1.16,1,1
205,2023-06-22,XBB.1.5,1,15
205,2023-06-22,XBB.1.5,1,3
205,2023-06-22,XBB.2.3,1,1
207,2023-06-24,XBB.1.16,1,1
207,2023-06-24,XBB.1.5,1,1
208,2023-06-25,XBB.1.16,1,1
208,2023-06-25,XBB.1.5,1,1
208,2023-06-25,XBB.2.3,1,2
209,2023-06-26,XBB.1.16,1,2
209,2023-06-26,XBB.1.5,1,2
209,2023-06-26,XBB.2.3,1,3
209,2023-06-26,XBB.2.3,1,3
209,2023-06-26,XBB.2.3,1,2
210,2023-06-27,EG.5,1,2
210,2023-06-27,XBB.1.16,1,1
210,2023-06-27,XBB.1.5,1,2
211,2023-06-28,XBB.1.5,1,2
211,2023-06-28,XBB.1.5,1,2
212,2023-06-29,XBB.1.16,1,127
213,2023-06-30,XBB.1.5,1,1
213,2023-06-30,XBB.1.5,1,1
214,2023-07-01,XBB.1.16,1,1
214,2023-07-01,XBB.2.3,1,6
215,2023-07-02,EG.5,1,1
215,2023-07-02,XBB.1.5,1,2
215,2023-07-02,XBB.2.3,1,1
216,2023-07-03,XBB.1.5,1,2
216,2023-07-03,XBB.1.5,1,1
216,2023-07-03,XBB.2.3,1,2
217,2023-07-04,XBB.1.16,1,1
217,2023-07-04,XBB.1.5,1,2
217,2023-07-04,XBB.2.3,1,2
218,2023-07-05,EG.5,1,2
218,2023-07-05,XBB.2.3,1,1
219,2023-07-06,XBB.1.5,1,1
219,2023-07-06,XBB.2.3,1,1
221,2023-07-08,XBB.1.16,1,2
221,2023-07-08,XBB.1.5,1,2
221,2023-07-08,XBB.1.5,1,1
221,2023-07-08,XBB.1.5,1,1
221,2023-07-08,XBB.2.3,1,1
223,2023-07-10,EG.5,1,3
223,2023-07-10,XBB.1.5,1,1
225,2023-07-12,EG.5,1,1
225,2023-07-12,XBB.1.5,1,2
225,2023-07-12,XBB.1.5,1,1
226,2023-07-13,EG.5,1,10
226,2023-07-13,XBB.1.16,1,1
226,2023-07-13,XBB.1.16,1,1
227,2023-07-14,XBB.1.16,1,2
227,2023-07-14,XBB.1.5,1,1
227,2023-07-14,XBB.2.3,1,1
228,2023-07-15,XBB.1.16,1,1
228,2023-07-15,XBB.1.5,1,1
229,2023-07-16,XBB.2.3,1,2
230,2023-07-17,XBB.1.16,1,2
231,2023-07-18,EG.5,1,13
231,2023-07-18,XBB.1.16,1,2
231,2023-07-18,XBB.1.16,1,1
231,2023-07-18,XBB.2.3,1,2
231,2023-07-18,XBB.2.3,1,1
231,2023-07-18,XBB.2.3,1,1
232,2023-07-19,XBB.1.16,1,3
232,2023-07-19,XBB.1.16,1,2
232,2023-07-19,XBB.1.5,1,1
232,2023-07-19,XBB.1.5,1,1
232,2023-07-19,XBB.2.3,1,4
233,2023-07-20,XBB.1.16,1,1
233,2023-07-20,XBB.1.5,1,2
233,2023-07-20,XBB.1.5,1,2
233,2023-07-20,XBB.1.5,1,1
233,2023-07-20,XBB.1.5,1,1
234,2023-07-21,EG.5,1,1
234,2023-07-21,XBB.1.16,1,2
234,2023-07-21,XBB.1.16,1,1
234,2023-07-21,XBB.1.16,1,1
234,2023-07-21,XBB.1.16,1,1
234,2023-07-21,XBB.1.5,1,1
235,2023-07-22,EG.5,1,3
235,2023-07-22,XBB.1.5,1,2
235,2023-07-22,XBB.1.5,1,2
235,2023-07-22,XBB.1.5,1,1
235,2023-07-22,XBB.2.3,1,1
236,2023-07-23,XBB.1.16,1,19
236,2023-07-23,XBB.1.5,1,1
236,2023-07-23,XBB.2.3,1,1
237,2023-07-24,FL.1.5.1,1,1
237,2023-07-24,XBB.1.5,1,2
237,2023-07-24,XBB.1.5,1,2
237,2023-07-24,XBB.2.3,1,9
237,2023-07-24,XBB.2.3,1,1
238,2023-07-25,XBB.1.5,1,1
238,2023-07-25,XBB.2.3,1,3
238,2023-07-25,XBB.2.3,1,1
239,2023-07-26,XBB.1.5,1,1
239,2023-07-26,XBB.2.3,1,2
240,2023-07-27,FL.1.5.1,1,6
240,2023-07-27,XBB.1.16,1,1
240,2023-07-27,XBB.1.16,1,1
240,2023-07-27,XBB.1.16,1,1
240,2023-07-27,XBB.1.16,1,1
240,2023-07-27,XBB.1.16,1,1
240,2023-07-27,XBB.1.16,1,1
240,2023-07-27,XBB.1.5,1,2
240,2023-07-27,XBB.2.3,1,1
241,2023-07-28,XBB.1.5,1,2
241,2023-07-28,XBB.2.3,1,1
242,2023-07-29,EG.5,1,1
242,2023-07-29,XBB.1.16,1,4
242,2023-07-29,XBB.1.5,1,1
242,2023-07-29,XBB.2.3,1,1
243,2023-07-30,FL.1.5.1,1,2
243,2023-07-30,XBB.1.16,1,2
243,2023-07-30,XBB.2.3,1,2
244,2023-07-31,EG.5,1,2
244,2023-07-31,XBB.1.16,1,1
244,2023-07-31,XBB.1.16,1,1
244,2023-07-31,XBB.1.16,1,1
244,2023-07-31,XBB.2.3,1,2
245,2023-08-01,XBB.1.16,1,3
245,2023-08-01,XBB.1.5,1,2
246,2023-08-02,EG.5,1,1
246,2023-08-02,XBB.1.16,1,1
246,2023-08-02,XBB.2.3,1,2
247,2023-08-03,XBB.1.16,1,10
247,2023-08-03,XBB.1.16,1,6
247,2023-08-03,XBB.1.16,1,2
247,2023-08-03,XBB.1.16,1,1
247,2023-08-03,XBB.1.5,1,3
247,2023-08-03,XBB.1.5,1,2
247,2023-08-03,XBB.2.3,1,2
248,2023-08-04,EG.5,1,2
248,2023-08-04,XBB.1.16,1,1
248,2023-08-04,XBB.1.5,1,2
248,2023-08-04,XBB.1.5,1,1
249,2023-08-05,EG.5,1,1
249,2023-08-05,EG.5,1,1
249,2023-08-05,FL.1.5.1,1,1
249,2023-08-05,XBB.1.16,1,1
249,2023-08-05,XBB.1.5,1,9
249,2023-08-05,XBB.1.5,1,1
249,2023-08-05,XBB.2.3,1,2
249,2023-08-05,XBB.2.3,1,1
251,2023-08-07,EG.5,1,1
251,2023-08-07,FL.1.5.1,1,1
251,2023-08-07,XBB.1.16,1,3
251,2023-08-07,XBB.1.16,1,1
251,2023-08-07,XBB.1.16,1,1
251,2023-08-07,XBB.1.5,1,9
251,2023-08-07,XBB.1.5,1,5
251,2023-08-07,XBB.2.3,1,1
252,2023-08-08,EG.5,1,1
252,2023-08-08,XBB.1.16,1,2
252,2023-08-08,XBB.1.16,1,2
252,2023-08-08,XBB.1.16,1,1
252,2023-08-08,XBB.2.3,1,1
252,2023-08-08,XBB.2.3,1,1
253,2023-08-09,FL.1.5.1,1,54
253,2023-08-09,FL.1.5.1,1,1
253,2023-08-09,XBB.1.16,1,2
253,2023-08-09,XBB.1.16,1,1
253,2023-08-09,XBB.1.5,1,4
253,2023-08-09,XBB.1.5,1,1
254,2023-08-10,BA.2.86,1,1
254,2023-08-10,EG.5,1,3
254,2023-08-10,EG.5,1,2
254,2023-08-10,XBB.1.16,1,6
254,2023-08-10,XBB.1.16,1,3
254,2023-08-10,XBB.1.16,1,1
254,2023-08-10,XBB.2.3,1,1
255,2023-08-11,XBB.1.16,1,1
255,2023-08-11,XBB.1.16,1,1
255,2023-08-11,XBB.1.5,1,2
255,2023-08-11,XBB.1.5,1,1
255,2023-08-11,XBB.1.5,1,1
256,2023-08-12,FL.1.5.1,1,5
256,2023-08-12,XBB.1.16,1,3
256,2023-08-12,XBB.1.5,1,1
257,2023-08-13,FL.1.5.1,1,8
257,2023-08-13,FL.1.5.1,1,2
257,2023-08-13,XBB.1.16,1,1
257,2023-08-13,XBB.1.16,1,1
257,2023-08-13,XBB.1.16,1,1
257,2023-08-13,XBB.1.5,1,1
257,2023-08-13,XBB.1.5,1,1
257,2023-08-13,XBB.1.5,1,1
258,2023-08-14,EG.5,1,2
258,2023-08-14,XBB.1.16,1,1
258,2023-08-14,XBB.1.5,1,10
258,2023-08-14,XBB.1.5,1,1
258,2023-08-14,XBB.1.5,1,1
258,2023-08-14,XBB.2.3,1,2
259,2023-08-15,EG.5,1,2
259,2023-08-15,FL.1.5.1,1,3
259,2023-08-15,XBB.1.5,1,1
260,2023-08-16,EG.5,1,2
260,2023-08-16,EG.5,1,1
260,2023-08-16,FL.1.5.1,1,1
260,2023-08-16,XBB.1.16,1,1
260,2023-08-16,XBB.1.16,1,1
260,2023-08-16,XBB.1.5,1,1
261,2023-08-17,EG.5,1,1
261,2023-08-17,XBB.1.16,1,1
261,2023-08-17,XBB.2.3,1,4
261,2023-08-17,XBB.2.3,1,3
261,2023-08-17,XBB.2.3,1,1
262,2023-08-18,EG.5,1,3
262,2023-08-18,EG.5,1,2
262,2023-08-18,EG.5,1,2
262,2023-08-18,EG.5,1,1
262,2023-08-18,FL.1.5.1,1,2
262,2023-08-18,XBB.1.16,1,1
262,2023-08-18,XBB.2.3,1,2
262,2023-08-18,XBB.2.3,1,2
262,2023-08-18,XBB.2.3,1,1
263,2023-08-19,EG.5,1,2
263,2023-08-19,EG.5,1,1
263,2023-08-19,FL.1.5.1,1,1
263,2023-08-19,XBB.1.16,1,2
263,2023-08-19,XBB.1.16,1,1
263,2023-08-19,XBB.1.16,1,1
263,2023-08-19,XBB.1.16,1,1
263,2023-08-19,XBB.1.5,1,1
263,2023-08-19,XBB.2.3,1,1
264,2023-08-20,FL.1.5.1,1,7
264,2023-08-20,XBB.1.16,1,7
264,2023-08-20,XBB.1.16,1,1
265,2023-08-21,EG.5,1,4
265,2023-08-21,EG.5,1,1
265,2023-08-21,EG.5,1,1
265,2023-08-21,XBB.1.16,1,1
265,2023-08-21,XBB.1.16,1,1
265,2023-08-21,XBB.1.16,1,1
265,2023-08-21,XBB.1.5,1,1
265,2023-08-21,XBB.2.3,1,1
266,2023-08-22,EG.5,1,3
266,2023-08-22,EG.5,1,1
266,2023-08-22,EG.5,1,1
266,2023-08-22,FL.1.5.1,1,1
266,2023-08-22,XBB.1.16,1,2
266,2023-08-22,XBB.1.16,1,1
266,2023-08-22,XBB.2.3,1,1
267,2023-08-23,EG.5,1,3
267,2023-08-23,EG.5,1,1
267,2023-08-23,EG.5,1,1
267,2023-08-23,EG.5,1,1
267,2023-08-23,XBB.1.16,1,2
267,2023-08-23,XBB.1.16,1,2
267,2023-08-23,XBB.1.16,1,1
267,2023-08-23,XBB.1.16,1,1
267,2023-08-23,XBB.1.5,1,2
267,2023-08-23,XBB.2.3,1,1
268,2023-08-24,EG.5,1,12
268,2023-08-24,HK.3,1,2
268,2023-08-24,HK.3,1,1
268,2023-08-24,XBB.1.16,1,1
268,2023-08-24,XBB.1.5,1,1
268,2023-08-24,XBB.2.3,1,2
268,2023-08-24,XBB.2.3,1,2
268,2023-08-24,XBB.2.3,1,1
268,2023-08-24,XBB.2.3,1,1
269,2023-08-25,EG.5,1,2
269,2023-08-25,EG.5,1,1
269,2023-08-25,FL.1.5.1,1,1
269,2023-08-25,FL.1.5.1,1,1
269,2023-08-25,XBB.1.16,1,2
269,2023-08-25,XBB.1.5,1,15
269,2023-08-25,XBB.2.3,1,2
270,2023-08-26,EG.5,1,4
270,2023-08-26,EG.5,1,1
270,2023-08-26,HV.1,1,1
270,2023-08-26,XBB.1.16,1,2
270,2023-08-26,XBB.1.16,1,2
270,2023-08-26,XBB.1.5,1,1
270,2023-08-26,XBB.2.3,1,1
270,2023-08-26,XBB.2.3,1,1
271,2023-08-27,EG.5,1,8
271,2023-08-27,EG.5,1,1
271,2023-08-27,EG.5,1,1
271,2023-08-27,XBB.1.16,1,2
271,2023-08-27,XBB.1.16,1,1
271,2023-08-27,XBB.1.16,1,1
271,2023-08-27,XBB.1.16,1,1
271,2023-08-27,XBB.1.5,1,2
271,2023-08-27,XBB.1.5,1,1
271,2023-08-27,XBB.1.5,1,1
271,2023-08-27,XBB.2.3,1,2
271,2023-08-27,XBB.2.3,1,1
271,2023-08-27,XBB.2.3,1,1
272,2023-08-28,EG.5,1,2
272,2023-08-28,EG.5,1,2
272,2023-08-28,EG.5,1,1
272,2023-08-28,XBB.1.16,1,4
272,2023-08-28,XBB.1.16,1,3
272,2023-08-28,XBB.1.16,1,1
272,2023-08-28,XBB.1.16,1,1
272,2023-08-28,XBB.1.16,1,1
272,2023-08-28,XBB.1.5,1,4
272,2023-08-28,XBB.1.5,1,1
272,2023-08-28,XBB.1.5,1,1
272,2023-08-28,XBB.2.3,1,2
273,2023-08-29,EG.5,1,2
273,2023-08-29,EG.5,1,1
273,2023-08-29,EG.5,1,1
273,2023-08-29,EG.5,1,1
273,2023-08-29,EG.5,1,1
273,2023-08-29,XBB.1.16,1,15
273,2023-08-29,XBB.1.16,1,2
273,2023-08-29,XBB.1.16,1,2
273,2023-08-29,XBB.1.16,1,1
273,2023-08-29,XBB.1.16,1,1
273,2023-08-29,XBB.1.16,1,1
273,2023-08-29,XBB.1.16,1,1
273,2023-08-29,XBB.1.5,1,2
273,2023-08-29,XBB.1.5,1,1
273,2023-08-29,XBB.2.3,1,2
273,2023-08-29,XBB.2.3,1,1
274,2023-08-30,BA.2.86,1,20
274,2023-08-30,EG.5,1,1
274,2023-08-30,EG.5,1,1
274,2023-08-30,XBB.1.16,1,2
274,2023-08-30,XBB.1.16,1,2
274,2023-08-30,XBB.1.16,1,1
274,2023-08-30,XBB.1.16,1,1
274,2023-08-30,XBB.1.16,1,1
274,2023-08-30,XBB.1.16,1,1
274,2023-08-30,XBB.1.16,1,1
274,2023-08-30,XBB.1.5,1,1
275,2023-08-31,EG.5,1,2
275,2023-08-31,EG.5,1,1
275,2023-08-31,FL.1.5.1,1,5
275,2023-08-31,HK.3,1,1
275,2023-08-31,XBB.1.16,1,2
275,2023-08-31,XBB.1.16,1,2
275,2023-08-31,XBB.1.16,1,1
275,2023-08-31,XBB.1.5,1,1
275,2023-08-31,XBB.2.3,1,1
276,2023-09-01,EG.5,1,3
276,2023-09-01,EG.5,1,1
276,2023-09-01,EG.5,1,1
276,2023-09-01,EG.5,1,1
276,2023-09-01,XBB.1.16,1,2
277,2023-09-02,EG.5,1,2
277,2023-09-02,EG.5,1,2
277,2023-09-02,FL.1.5.1,1,5
277,2023-09-02,FL.1.5.1,1,1
277,2023-09-02,XBB.1.16,1,2
277,2023-09-02,XBB.1.16,1,2
277,2023-09-02,XBB.1.16,1,1
277,2023-09-02,XBB.1.16,1,1
277,2023-09-02,XBB.1.16,1,1
277,2023-09-02,XBB.1.5,1,2
277,2023-09-02,XBB.2.3,1,3
278,2023-09-03,EG.5,1,5
278,2023-09-03,EG.5,1,1
278,2023-09-03,XBB.1.16,1,2
278,2023-09-03,XBB.1.16,1,1
278,2023-09-03,XBB.1.16,1,1
278,2023-09-03,XBB.2.3,1,1
278,2023-09-03,XBB.2.3,1,1
279,2023-09-04,EG.5,1,1
279,2023-09-04,EG.5,1,1
279,2023-09-04,HK.3,1,2
279,2023-09-04,XBB.1.16,1,2
279,2023-09-04,XBB.1.16,1,1
279,2023-09-04,XBB.1.16,1,1
279,2023-09-04,XBB.2.3,1,1
280,2023-09-05,EG.5,1,5
280,2023-09-05,EG.5,1,1
280,2023-09-05,EG.5,1,1
280,2023-09-05,XBB.1.16,1,1
280,2023-09-05,XBB.1.16,1,1
280,2023-09-05,XBB.1.16,1,1
280,2023-09-05,XBB.1.16,1,1
280,2023-09-05,XBB.1.16,1,1
280,2023-09-05,XBB.1.16,1,1
280,2023-09-05,XBB.1.5,1,9
280,2023-09-05,XBB.2.3,1,10
280,2023-09-05,XBB.2.3,1,1
280,2023-09-05,XBB.2.3,1,1
280,2023-09-05,XBB.2.3,1,1
280,2023-09-05,XBB.2.3,1,1
281,2023-09-06,EG.5,1,1
281,2023-09-06,EG.5,1,1
281,2023-09-06,EG.5,1,1
281,2023-09-06,FL.1.5.1,1,1
281,2023-09-06,XBB.1.16,1,10
281,2023-09-06,XBB.1.16,1,4
281,2023-09-06,XBB.1.16,1,2
281,2023-09-06,XBB.1.16,1,1
281,2023-09-06,XBB.1.16,1,1
281,2023-09-06,XBB.1.16,1,1
281,2023-09-06,XBB.1.19,1,1
281,2023-09-06,XBB.1.5,1,1
281,2023-09-06,XBB.1.5,1,1
281,2023-09-06,XBB.1.5,1,1
281,2023-09-06,XBB.2.3,1,1
282,2023-09-07,EG.5,1,4
282,2023-09-07,EG.5,1,2
282,2023-09-07,EG.5,1,2
282,2023-09-07,EG.5,1,1
282,2023-09-07,FL.1.5.1,1,1
282,2023-09-07,XBB.1.16,1,3
282,2023-09-07,XBB.1.16,1,2
282,2023-09-07,XBB.1.16,1,2
282,2023-09-07,XBB.1.16,1,1
282,2023-09-07,XBB.1.16,1,1
282,2023-09-07,XBB.1.16,1,1
282,2023-09-07,XBB.1.16,1,1
282,2023-09-07,XBB.1.5,1,4
282,2023-09-07,XBB.1.5,1,1
282,2023-09-07,XBB.1.5,1,1
283,2023-09-08,EG.5,1,5
283,2023-09-08,FL.1.5.1,1,1
283,2023-09-08,XBB.1.16,1,7
283,2023-09-08,XBB.1.16,1,1
283,2023-09-08,XBB.2.3,1,2
284,2023-09-09,EG.5,1,2
284,2023-09-09,FL.1.5.1,1,1
284,2023-09-09,XBB.1.16,1,2
284,2023-09-09,XBB.2.3,1,2
285,2023-09-10,EG.5,1,2
285,2023-09-10,EG.5,1,2
285,2023-09-10,EG.5,1,1
285,2023-09-10,FL.1.5.1,1,4
285,2023-09-10,XBB.1.16,1,1
285,2023-09-10,XBB.2.3,1,1
285,2023-09-10,XBB.2.3,1,1
286,2023-09-11,FL.1.5.1,1,12
286,2023-09-11,FL.1.5.1,1,1
286,2023-09-11,HK.3,1,2
286,2023-09-11,HK.3,1,1
286,2023-09-11,XBB.1.16,1,1
286,2023-09-11,XBB.1.16,1,1
286,2023-09-11,XBB.1.16,1,1
286,2023-09-11,XBB.1.5,1,4
286,2023-09-11,XBB.1.5,1,3
286,2023-09-11,XBB.2.3,1,1
287,2023-09-12,EG.5,1,1
287,2023-09-12,EG.5,1,1
287,2023-09-12,EG.5,1,1
287,2023-09-12,EG.5,1,1
287,2023-09-12,XBB.1.16,1,2
287,2023-09-12,XBB.1.16,1,2
287,2023-09-12,XBB.1.16,1,2
287,2023-09-12,XBB.1.16,1,1
287,2023-09-12,XBB.1.16,1,1
287,2023-09-12,XBB.1.16,1,1
287,2023-09-12,XBB.1.5,1,46
287,2023-09-12,XBB.1.5,1,1
287,2023-09-12,XBB.1.5,1,1
287,2023-09-12,XBB.1.5,1,1
287,2023-09-12,XBB.2.3,1,1
287,2023-09-12,XBB.2.3,1,1
287,2023-09-12,XBB.2.3,1,1
288,2023-09-13,EG.5,1,2
288,2023-09-13,EG.5,1,1
288,2023-09-13,EG.5,1,1
288,2023-09-13,EG.5,1,1
288,2023-09-13,HK.3,1,2
288,2023-09-13,HK.3,1,1
288,2023-09-13,HV.1,1,10
288,2023-09-13,XBB.1.16,1,1
288,2023-09-13,XBB.1.16,1,1
288,2023-09-13,XBB.1.19,1,1
289,2023-09-14,EG.5,1,1
289,2023-09-14,EG.5,1,1
289,2023-09-14,FL.1.5.1,1,16
289,2023-09-14,XBB.1.16,1,3
289,2023-09-14,XBB.1.16,1,1
289,2023-09-14,XBB.1.16,1,1
290,2023-09-15,EG.5,1,1
290,2023-09-15,FL.1.5.1,1,1
290,2023-09-15,XBB.1.16,1,2
290,2023-09-15,XBB.1.16,1,1
290,2023-09-15,XBB.1.5,1,2
290,2023-09-15,XBB.1.5,1,1
290,2023-09-15,XBB.1.5,1,1
290,2023-09-15,XBB.1.5,1,1
290,2023-09-15,XBB.1.5,1,1
290,2023-09-15,XBB.2.3,1,1
291,2023-09-16,EG.5,1,1
291,2023-09-16,EG.5,1,1
291,2023-09-16,FL.1.5.1,1,1
291,2023-09-16,XBB.1.16,1,1
292,2023-09-17,EG.5,1,2
292,2023-09-17,FL.1.5.1,1,3
292,2023-09-17,XBB.1.16,1,6
292,2023-09-17,XBB.1.16,1,1
292,2023-09-17,XBB.1.16,1,1
292,2023-09-17,XBB.2.3,1,2
292,2023-09-17,XBB.2.3,1,1
293,2023-09-18,EG.5,1,1
293,2023-09-18,EG.5,1,1
293,2023-09-18,EG.5,1,1
293,2023-09-18,XBB.1.16,1,2
293,2023-09-18,XBB.1.16,1,1
293,2023-09-18,XBB.1.16,1,1
293,2023-09-18,XBB.1.5,1,1
293,2023-09-18,XBB.1.5,1,1
293,2023-09-18,XBB.1.5,1,1
294,2023-09-19,EG.5,1,2
294,2023-09-19,EG.5,1,2
294,2023-09-19,EG.5,1,1
294,2023-09-19,EG.5,1,1
294,2023-09-19,EG.5,1,1
294,2023-09-19,FL.1.5.1,1,2
294,2023-09-19,FL.1.5.1,1,1
294,2023-09-19,HK.3,1,2
294,2023-09-19,XBB.1.16,1,2
294,2023-09-19,XBB.1.16,1,1
294,2023-09-19,XBB.1.16,1,1
294,2023-09-19,XBB.2.3,1,1
294,2023-09-19,XBB.2.3,1,1
294,2023-09-19,XBB.2.3,1,1
295,2023-09-20,EG.5,1,2
295,2023-09-20,EG.5,1,1
295,2023-09-20,FL.1.5.1,1,1
295,2023-09-20,FL.1.5.1,1,1
295,2023-09-20,XBB.1.16,1,1
295,2023-09-20,XBB.1.16,1,1
295,2023-09-20,XBB.1.16,1,1
295,2023-09-20,XBB.1.16,1,1
295,2023-09-20,XBB.1.5,1,2
295,2023-09-20,XBB.1.5,1,1
295,2023-09-20,XBB.1.5,1,1
295,2023-09-20,XBB.1.5,1,1
295,2023-09-20,XBB.2.3,1,1
296,2023-09-21,EG.5,1,1
296,2023-09-21,FL.1.5.1,1,1
296,2023-09-21,HK.3,1,1
296,2023-09-21,XBB.1.16,1,1
296,2023-09-21,XBB.1.16,1,1
296,2023-09-21,XBB.1.16,1,1
296,2023-09-21,XBB.1.5,1,2
296,2023-09-21,XBB.1.5,1,1
297,2023-09-22,EG.5,1,1
297,2023-09-22,FL.1.5.1,1,1
297,2023-09-22,XBB.1.16,1,3
297,2023-09-22,XBB.1.16,1,1
297,2023-09-22,XBB.1.16,1,1
297,2023-09-22,XBB.1.19,1,1
297,2023-09-22,XBB.1.5,1,1
298,2023-09-23,XBB.1.16,1,2
298,2023-09-23,XBB.2.3,1,1
298,2023-09-23,XBB.2.3,1,1
299,2023-09-24,EG.5,1,1
299,2023-09-24,EG.5,1,1
299,2023-09-24,FL.1.5.1,1,1
299,2023-09-24,HK.3,1,2
299,2023-09-24,XBB.1.16,1,2
300,2023-09-25,EG.5,1,1
300,2023-09-25,EG.5,1,1
300,2023-09-25,FL.1.5.1,1,1
300,2023-09-25,HV.1,1,4
300,2023-09-25,HV.1,1,2
300,2023-09-25,HV.1,1,1
300,2023-09-25,XBB.1.16,1,1
300,2023-09-25,XBB.1.5,1,1
301,2023-09-26,EG.5,1,3
301,2023-09-26,EG.5,1,2
301,2023-09-26,EG.5,1,1
301,2023-09-26,EG.5,1,1
301,2023-09-26,EG.5,1,1
301,2023-09-26,FL.1.5.1,1,1
301,2023-09-26,HV.1,1,1
301,2023-09-26,HV.1,1,1
301,2023-09-26,XBB.1.16,1,5
301,2023-09-26,XBB.1.16,1,1
301,2023-09-26,XBB.1.16,1,1
301,2023-09-26,XBB.1.16,1,1
301,2023-09-26,XBB.1.5,1,1
302,2023-09-27,EG.5,1,2
302,2023-09-27,EG.5,1,1
302,2023-09-27,EG.5,1,1
302,2023-09-27,EG.5,1,1
302,2023-09-27,HV.1,1,1
302,2023-09-27,XBB.1.5,1,1
302,2023-09-27,XBB.2.3,1,4
303,2023-09-28,EG.5,1,1
303,2023-09-28,EG.5,1,1
303,2023-09-28,EG.5,1,1
303,2023-09-28,HK.3,1,2
303,2023-09-28,HV.1,1,2
303,2023-09-28,HV.1,1,1
303,2023-09-28,XBB.1.16,1,1
303,2023-09-28,XBB.1.5,1,2
304,2023-09-29,EG.5,1,3
304,2023-09-29,EG.5,1,2
304,2023-09-29,EG.5,1,1
304,2023-09-29,EG.5,1,1
304,2023-09-29,FL.1.5.1,1,2
304,2023-09-29,FL.1.5.1,1,1
304,2023-09-29,FL.1.5.1,1,1
304,2023-09-29,HK.3,1,1
304,2023-09-29,HK.3,1,1
304,2023-09-29,XBB.1.16,1,1
304,2023-09-29,XBB.1.16,1,1
304,2023-09-29,XBB.1.5,1,1
304,2023-09-29,XBB.1.5,1,1
304,2023-09-29,XBB.2.3,1,2
304,2023-09-29,XBB.2.3,1,2
304,2023-09-29,XBB.2.3,1,1
305,2023-09-30,EG.5,1,2
305,2023-09-30,FL.1.5.1,1,1
305,2023-09-30,HK.3,1,1
305,2023-09-30,HV.1,1,2
305,2023-09-30,XBB.1.16,1,3
305,2023-09-30,XBB.1.16,1,2
305,2023-09-30,XBB.1.16,1,2
305,2023-09-30,XBB.1.5,1,1
305,2023-09-30,XBB.2.3,1,1
306,2023-10-01,EG.5,1,3
306,2023-10-01,EG.5,1,1
306,2023-10-01,EG.5,1,1
306,2023-10-01,FL.1.5.1,1,1
306,2023-10-01,HV.1,1,1
306,2023-10-01,XBB.1.16,1,1
306,2023-10-01,XBB.1.5,1,1
306,2023-10-01,XBB.1.5,1,1
306,2023-10-01,XBB.2.3,1,1
307,2023-10-02,BA.2.86,1,1170
307,2023-10-02,EG.5,1,1
307,2023-10-02,EG.5,1,1
307,2023-10-02,EG.5,1,1
307,2023-10-02,EG.5,1,1
307,2023-10-02,EG.5,1,1
307,2023-10-02,EG.5,1,1
307,2023-10-02,FL.1.5.1,1,14
307,2023-10-02,FL.1.5.1,1,1
307,2023-10-02,FL.1.5.1,1,1
307,2023-10-02,FL.1.5.1,1,1
307,2023-10-02,HK.3,1,1
307,2023-10-02,XBB.1.16,1,1
307,2023-10-02,XBB.1.16,1,1
307,2023-10-02,XBB.1.16,1,1
307,2023-10-02,XBB.2.3,1,4
307,2023-10-02,XBB.2.3,1,1
307,2023-10-02,XBB.2.3,1,1
308,2023-10-03,EG.5,1,1
308,2023-10-03,EG.5,1,1
308,2023-10-03,FL.1.5.1,1,4
308,2023-10-03,FL.1.5.1,1,1
308,2023-10-03,FL.1.5.1,1,1
308,2023-10-03,HV.1,1,1
308,2023-10-03,HV.1,1,1
308,2023-10-03,HV.1,1,1
308,2023-10-03,XBB.1.16,1,1
308,2023-10-03,XBB.1.16,1,1
308,2023-10-03,XBB.2.3,1,3
308,2023-10-03,XBB.2.3,1,1
308,2023-10-03,XBB.2.3,1,1
309,2023-10-04,EG.5,1,7
309,2023-10-04,EG.5,1,1
309,2023-10-04,EG.5,1,1
309,2023-10-04,EG.5,1,1
309,2023-10-04,FL.1.5.1,1,4
309,2023-10-04,FL.1.5.1,1,1
309,2023-10-04,FL.1.5.1,1,1
309,2023-10-04,FL.1.5.1,1,1
309,2023-10-04,HK.3,1,1
309,2023-10-04,XBB.1.16,1,1
309,2023-10-04,XBB.1.5,1,1
309,2023-10-04,XBB.2.3,1,1
309,2023-10-04,XBB.2.3,1,1
309,2023-10-04,XBB.2.3,1,1
310,2023-10-05,EG.5,1,1
310,2023-10-05,EG.5,1,1
310,2023-10-05,EG.5,1,1
310,2023-10-05,FL.1.5.1,1,1
310,2023-10-05,FL.1.5.1,1,1
310,2023-10-05,HK.3,1,1
310,2023-10-05,HV.1,1,1
310,2023-10-05,XBB.1.16,1,2
310,2023-10-05,XBB.1.16,1,1
310,2023-10-05,XBB.1.16,1,1
310,2023-10-05,XBB.1.5,1,1
310,2023-10-05,XBB.2.3,1,1
311,2023-10-06,EG.5,1,1
311,2023-10-06,FL.1.5.1,1,1
311,2023-10-06,HK.3,1,1
311,2023-10-06,HV.1,1,2
311,2023-10-06,XBB.1.16,1,1
311,2023-10-06,XBB.1.16,1,1
311,2023-10-06,XBB.1.16,1,1
311,2023-10-06,XBB.1.5,1,1
311,2023-10-06,XBB.2.3,1,1
312,2023-10-07,EG.5,1,3
312,2023-10-07,EG.5,1,2
312,2023-10-07,FL.1.5.1,1,1
312,2023-10-07,XBB.1.16,1,1
312,2023-10-07,XBB.2.3,1,2
313,2023-10-08,EG.5,1,1
314,2023-10-09,EG.5,1,2
314,2023-10-09,EG.5,1,1
314,2023-10-09,EG.5,1,1
314,2023-10-09,EG.5,1,1
314,2023-10-09,FL.1.5.1,1,1
314,2023-10-09,XBB.1.16,1,1
314,2023-10-09,XBB.1.5,1,1
315,2023-10-10,EG.5,1,4
315,2023-10-10,EG.5,1,1
315,2023-10-10,EG.5,1,1
315,2023-10-10,FL.1.5.1,1,14
315,2023-10-10,FL.1.5.1,1,3
315,2023-10-10,HK.3,1,1
315,2023-10-10,HV.1,1,5
315,2023-10-10,XBB.1.16,1,1
315,2023-10-10,XBB.1.16,1,1
315,2023-10-10,XBB.1.16,1,1
315,2023-10-10,XBB.1.5,1,1
315,2023-10-10,XBB.1.5,1,1
316,2023-10-11,XBB.1.5,1,1
316,2023-10-11,XBB.2.3,1,2
316,2023-10-11,XBB.2.3,1,1
317,2023-10-12,EG.5,1,1
317,2023-10-12,HV.1,1,1
318,2023-10-13,EG.5,1,2
318,2023-10-13,FL.1.5.1,1,1
318,2023-10-13,HK.3,1,2
318,2023-10-13,HK.3,1,1
318,2023-10-13,HV.1,1,1
318,2023-10-13,XBB.1.5,1,1
319,2023-10-14,FL.1.5.1,1,1
319,2023-10-14,HV.1,1,1
319,2023-10-14,XBB.2.3,1,1
320,2023-10-15,BA.2.86,1,1
320,2023-10-15,EG.5,1,10
320,2023-10-15,EG.5,1,3
320,2023-10-15,EG.5,1,1
320,2023-10-15,EG.5,1,1
320,2023-10-15,HK.3,1,1
320,2023-10-15,XBB.1.16,1,1
320,2023-10-15,XBB.1.16,1,1
320,2023-10-15,XBB.1.5,1,1
320,2023-10-15,XBB.1.5,1,1
321,2023-10-16,EG.5,1,1
321,2023-10-16,EG.5,1,1
321,2023-10-16,EG.5,1,1
321,2023-10-16,EG.5,1,1
321,2023-10-16,HK.3,1,1
321,2023-10-16,HV.1,1,1
321,2023-10-16,HV.1,1,1
322,2023-10-17,EG.5,1,1
322,2023-10-17,HK.3,1,1
322,2023-10-17,XBB.1.16,1,1
322,2023-10-17,XBB.1.5,1,1
322,2023-10-17,XBB.1.5,1,1
322,2023-10-17,XBB.2.3,1,1
322,2023-10-17,XBB.2.3,1,1
323,2023-10-18,EG.5,1,1
323,2023-10-18,FL.1.5.1,1,1
323,2023-10-18,XBB.1.5,1,1
324,2023-10-19,EG.5,1,3
324,2023-10-19,EG.5,1,1
324,2023-10-19,EG.5,1,1
324,2023-10-19,EG.5,1,1
324,2023-10-19,HV.1,1,4
324,2023-10-19,HV.1,1,1
325,2023-10-20,EG.5,1,1
325,2023-10-20,EG.5,1,1
325,2023-10-20,XBB.1.16,1,2
325,2023-10-20,XBB.1.16,1,1
325,2023-10-20,XBB.1.5,1,2
325,2023-10-20,XBB.1.5,1,1
326,2023-10-21,EG.5,1,4
326,2023-10-21,EG.5,1,1
326,2023-10-21,HK.3,1,1
326,2023-10-21,JN.1,1,1
326,2023-10-21,XBB.1.16,1,1
326,2023-10-21,XBB.1.16,1,1
327,2023-10-22,EG.5,1,2
327,2023-10-22,FL.1.5.1,1,2
327,2023-10-22,HK.3,1,1
327,2023-10-22,HK.3,1,1
327,2023-10-22,HV.1,1,1
327,2023-10-22,XBB.1.5,1,1
327,2023-10-22,XBB.2.3,1,1
328,2023-10-23,EG.5,1,1
328,2023-10-23,FL.1.5.1,1,1
328,2023-10-23,FL.1.5.1,1,1
328,2023-10-23,HK.3,1,3
328,2023-10-23,HK.3,1,1
328,2023-10-23,HK.3,1,1
328,2023-10-23,HV.1,1,2
328,2023-10-23,HV.1,1,1
328,2023-10-23,HV.1,1,1
328,2023-10-23,XBB.1.16,1,2
328,2023-10-23,XBB.1.16,1,2
328,2023-10-23,XBB.1.16,1,1
329,2023-10-24,EG.5,1,3
329,2023-10-24,FL.1.5.1,1,1
329,2023-10-24,FL.1.5.1,1,1
329,2023-10-24,HV.1,1,1
329,2023-10-24,XBB.1.5,1,1
329,2023-10-24,XBB.1.5,1,1
329,2023-10-24,XBB.2.3,1,1
330,2023-10-25,EG.5,1,6
330,2023-10-25,EG.5,1,1
330,2023-10-25,EG.5,1,1
330,2023-10-25,EG.5,1,1
330,2023-10-25,EG.5,1,1
330,2023-10-25,HV.1,1,1
330,2023-10-25,XBB.1.5,1,1
330,2023-10-25,XBB.2.3,1,1
331,2023-10-26,EG.5,1,31
331,2023-10-26,EG.5,1,1
331,2023-10-26,EG.5,1,1
331,2023-10-26,FL.1.5.1,1,1
331,2023-10-26,XBB.1.16,1,5
332,2023-10-27,EG.5,1,1
332,2023-10-27,EG.5,1,1
332,2023-10-27,EG.5,1,1
332,2023-10-27,EG.5,1,1
332,2023-10-27,FL.1.5.1,1,1
332,2023-10-27,HK.3,1,6
332,2023-10-27,XBB.1.16,1,1
332,2023-10-27,XBB.1.5,1,2
332,2023-10-27,XBB.1.5,1,1
333,2023-10-28,EG.5,1,1
333,2023-10-28,XBB.2.3,1,1
334,2023-10-29,EG.5,1,32
334,2023-10-29,XBB.1.5,1,1
334,2023-10-29,XBB.2.3,1,2
335,2023-10-30,EG.5,1,1
335,2023-10-30,EG.5,1,1
335,2023-10-30,XBB.1.16,1,1
335,2023-10-30,XBB.2.3,1,1
336,2023-10-31,EG.5,1,2
336,2023-10-31,EG.5,1,1
336,2023-10-31,EG.5,1,1
336,2023-10-31,HK.3,1,3
336,2023-10-31,HK.3,1,1
336,2023-10-31,HV.1,1,6
336,2023-10-31,XBB.1.5,1,4
337,2023-11-01,EG.5,1,4
337,2023-11-01,EG.5,1,1
337,2023-11-01,XBB.1.16,1,1
338,2023-11-02,EG.5,1,1
338,2023-11-02,EG.5,1,1
338,2023-11-02,EG.5,1,1
338,2023-11-02,FL.1.5.1,1,1
338,2023-11-02,HV.1,1,2
338,2023-11-02,XBB.1.16,1,2
338,2023-11-02,XBB.1.16,1,2
338,2023-11-02,XBB.1.16,1,1
338,2023-11-02,XBB.1.16,1,1
338,2023-11-02,XBB.2.3,1,1
339,2023-11-03,EG.5,1,1
339,2023-11-03,HK.3,1,1
339,2023-11-03,HV.1,1,2
339,2023-11-03,JN.1,1,1
339,2023-11-03,XBB.1.16,1,1
339,2023-11-03,XBB.1.16,1,1
339,2023-11-03,XBB.1.16,1,1
339,2023-11-03,XBB.1.5,1,1
340,2023-11-04,EG.5,1,1
340,2023-11-04,FL.1.5.1,1,2
340,2023-11-04,FL.1.5.1,1,1
340,2023-11-04,FL.1.5.1,1,1
340,2023-11-04,XBB.1.16,1,1
341,2023-11-05,HK.3,1,1
341,2023-11-05,HV.1,1,2
341,2023-11-05,HV.1,1,2
342,2023-11-06,BA.2.86,1,2
342,2023-11-06,EG.5,1,1
342,2023-11-06,HK.3,1,1
342,2023-11-06,XBB.1.16,1,1
342,2023-11-06,XBB.1.16,1,1
343,2023-11-07,FL.1.5.1,1,2
343,2023-11-07,HV.1,1,1
343,2023-11-07,HV.1,1,1
343,2023-11-07,XBB.1.16,1,2
343,2023-11-07,XBB.1.16,1,1
344,2023-11-08,EG.5,1,1
344,2023-11-08,HV.1,1,1
344,2023-11-08,XBB.1.16,1,1
345,2023-11-09,EG.5,1,3
345,2023-11-09,EG.5,1,1
345,2023-11-09,HK.3,1,1
345,2023-11-09,HV.1,1,2
345,2023-11-09,XBB.1.16,1,2
345,2023-11-09,XBB.1.5,1,1
345,2023-11-09,XBB.1.5,1,1
346,2023-11-10,HV.1,1,6
346,2023-11-10,HV.1,1,2
346,2023-11-10,XBB.1.16,1,1
346,2023-11-10,XBB.1.16,1,1
346,2023-11-10,XBB.1.5,1,8
347,2023-11-11,FL.1.5.1,1,1
347,2023-11-11,HV.1,1,3
347,2023-11-11,XBB.2.3,1,1
347,2023-11-11,XBB.2.3,1,1
348,2023-11-12,EG.5,1,1
348,2023-11-12,HV.1,1,1
348,2023-11-12,HV.1,1,1
349,2023-11-13,HK.3,1,2
349,2023-11-13,XBB.1.5,1,1
349,2023-11-13,XBB.1.5,1,1
349,2023-11-13,XBB.2.3,1,1
350,2023-11-14,FL.1.5.1,1,1
350,2023-11-14,XBB.1.16,1,1
350,2023-11-14,XBB.2.3,1,1
351,2023-11-15,EG.5,1,2
351,2023-11-15,HK.3,1,1
351,2023-11-15,HV.1,1,1
351,2023-11-15,XBB.1.5,1,1
352,2023-11-16,EG.5,1,1
352,2023-11-16,HK.3,1,1
352,2023-11-16,HK.3,1,1
352,2023-11-16,HV.1,1,1
352,2023-11-16,HV.1,1,1
352,2023-11-16,HV.1,1,1
352,2023-11-16,XBB.1.5,1,1
353,2023-11-17,EG.5,1,1
353,2023-11-17,HV.1,1,1
353,2023-11-17,XBB.1.16,1,1
353,2023-11-17,XBB.1.5,1,1
354,2023-11-18,EG.5,1,1
354,2023-11-18,JN.1,1,2
354,2023-11-18,XBB.1.16,1,1
355,2023-11-19,EG.5,1,1
355,2023-11-19,EG.5,1,1
355,2023-11-19,HV.1,1,1
355,2023-11-19,HV.1,1,1
356,2023-11-20,EG.5,1,1
356,2023-11-20,HK.3,1,5
356,2023-11-20,HV.1,1,1
356,2023-11-20,HV.1,1,1
357,2023-11-21,EG.5,1,1
357,2023-11-21,XBB.1.16,1,1
357,2023-11-21,XBB.1.5,1,1
357,2023-11-21,XBB.2.3,1,1
358,2023-11-22,EG.5,1,1
358,2023-11-22,HK.3,1,2
358,2023-11-22,HV.1,1,1
358,2023-11-22,HV.1,1,1
358,2023-11-22,HV.1,1,1
358,2023-11-22,HV.1,1,1
358,2023-11-22,JN.1,1,9
359,2023-11-23,EG.5,1,1
359,2023-11-23,HV.1,1,1
359,2023-11-23,HV.1,1,1
359,2023-11-23,XBB.1.5,1,1
359,2023-11-23,XBB.2.3,1,1
360,2023-11-24,EG.5,1,2
360,2023-11-24,EG.5,1,1
360,2023-11-24,HV.1,1,4
361,2023-11-25,BA.2.86,1,1
361,2023-11-25,EG.5,1,1
361,2023-11-25,FL.1.5.1,1,1
361,2023-11-25,HK.3,1,2
361,2023-11-25,HK.3,1,1
361,2023-11-25,HV.1,1,9
361,2023-11-25,HV.1,1,1
361,2023-11-25,JN.1,1,2
361,2023-11-25,XBB.1.16,1,1
361,2023-11-25,XBB.1.5,1,1
362,2023-11-26,EG.5,1,1
362,2023-11-26,HK.3,1,1
362,2023-11-26,HV.1,1,16
362,2023-11-26,HV.1,1,5
362,2023-11-26,XBB.1.5,1,1
363,2023-11-27,EG.5,1,1
363,2023-11-27,FL.1.5.1,1,3
363,2023-11-27,FL.1.5.1,1,1
363,2023-11-27,HV.1,1,1
363,2023-11-27,HV.1,1,1
363,2023-11-27,XBB.1.16,1,1
363,2023-11-27,XBB.1.16,1,1
363,2023-11-27,XBB.1.19,1,1
364,2023-11-28,EG.5,1,3
364,2023-11-28,EG.5,1,2
364,2023-11-28,EG.5,1,1
364,2023-11-28,JN.1,1,1
364,2023-11-28,XBB.1.16,1,2
364,2023-11-28,XBB.1.16,1,1
364,2023-11-28,XBB.2.3,1,1
365,2023-11-29,BA.2.86,1,1
365,2023-11-29,HK.3,1,2
365,2023-11-29,HV.1,1,4
365,2023-11-29,HV.1,1,2
365,2023-11-29,HV.1,1,1
365,2023-11-29,HV.1,1,1
365,2023-11-29,HV.1,1,1
365,2023-11-29,HV.1,1,1
365,2023-11-29,XBB.1.5,1,1
365,2023-11-29,XBB.1.5,1,1
366,2023-11-30,EG.5,1,2
366,2023-11-30,EG.5,1,1
366,2023-11-30,EG.5,1,1
366,2023-11-30,EG.5,1,1
366,2023-11-30,EG.5,1,1
366,2023-11-30,EG.5,1,1
366,2023-11-30,HK.3,1,1
366,2023-11-30,XBB.1.19,1,1
366,2023-11-30,XBB.1.5,1,1
367,2023-12-01,EG.5,1,1
367,2023-12-01,EG.5,1,1
367,2023-12-01,EG.5,1,1
367,2023-12-01,EG.5,1,1
367,2023-12-01,EG.5,1,1
367,2023-12-01,FL.1.5.1,1,1
367,2023-12-01,HV.1,1,1
367,2023-12-01,HV.1,1,1
367,2023-12-01,JN.1,1,1
367,2023-12-01,JN.1,1,1
367,2023-12-01,JN.1,1,1
367,2023-12-01,XBB.1.5,1,1
368,2023-12-02,EG.5,1,1
368,2023-12-02,HV.1,1,1
368,2023-12-02,JN.1,1,1
369,2023-12-03,EG.5,1,1
369,2023-12-03,EG.5,1,1
369,2023-12-03,HV.1,1,1
369,2023-12-03,HV.1,1,1
369,2023-12-03,JN.1,1,1
369,2023-12-03,XBB.1.5,1,1
369,2023-12-03,XBB.2.3,1,2
370,2023-12-04,BA.2.86,1,1
370,2023-12-04,EG.5,1,5
370,2023-12-04,EG.5,1,5
370,2023-12-04,EG.5,1,1
370,2023-12-04,EG.5,1,1
370,2023-12-04,EG.5,1,1
370,2023-12-04,HV.1,1,1
370,2023-12-04,HV.1,1,1
370,2023-12-04,HV.1,1,1
370,2023-12-04,JN.1,1,1
370,2023-12-04,XBB.1.16,1,1
370,2023-12-04,XBB.1.5,1,1
371,2023-12-05,EG.5,1,2
371,2023-12-05,EG.5,1,1
371,2023-12-05,EG.5,1,1
371,2023-12-05,HK.3,1,1
371,2023-12-05,JN.1,1,1
372,2023-12-06,EG.5,1,6
372,2023-12-06,EG.5,1,2
372,2023-12-06,EG.5,1,1
372,2023-12-06,XBB.1.16,1,1
372,2023-12-06,XBB.1.5,1,2
372,2023-12-06,XBB.1.5,1,1
373,2023-12-07,HK.3,1,1
373,2023-12-07,HV.1,1,3
373,2023-12-07,HV.1,1,1
373,2023-12-07,JN.1,1,2
373,2023-12-07,JN.1,1,1
373,2023-12-07,JN.1,1,1
373,2023-12-07,XBB.1.5,1,1
374,2023-12-08,EG.5,1,8
374,2023-12-08,EG.5,1,1
374,2023-12-08,EG.5,1,1
374,2023-12-08,HK.3,1,3
374,2023-12-08,HK.3,1,3
374,2023-12-08,HK.3,1,1
374,2023-12-08,JN.1,1,14
374,2023-12-08,XBB.1.16,1,1
375,2023-12-09,FL.1.5.1,1,2
375,2023-12-09,HV.1,1,1
375,2023-12-09,JN.1,1,3
375,2023-12-09,XBB.1.5,1,1
375,2023-12-09,XBB.2.3,1,1
376,2023-12-10,HV.1,1,2
377,2023-12-11,BA.2.86,1,1
377,2023-12-11,EG.5,1,2
377,2023-12-11,FL.1.5.1,1,1
377,2023-12-11,XBB.1.5,1,2
377,2023-12-11,XBB.1.5,1,1
378,2023-12-12,BA.2.86,1,2
378,2023-12-12,FL.1.5.1,1,2
378,2023-12-12,HK.3,1,1
378,2023-12-12,HV.1,1,1
378,2023-12-12,HV.1,1,1
378,2023-12-12,JN.1,1,1
378,2023-12-12,XBB.1.16,1,3
378,2023-12-12,XBB.1.16,1,1
378,2023-12-12,XBB.1.16,1,1
379,2023-12-13,FL.1.5.1,1,1
379,2023-12-13,FL.1.5.1,1,1
379,2023-12-13,HK.3,1,2
379,2023-12-13,JN.1,1,2
379,2023-12-13,JN.1,1,1
379,2023-12-13,XBB.1.5,1,1
380,2023-12-14,EG.5,1,1
380,2023-12-14,EG.5,1,1
380,2023-12-14,HK.3,1,2
380,2023-12-14,HV.1,1,1
380,2023-12-14,JN.1,1,1
380,2023-12-14,XBB.1.5,1,2
381,2023-12-15,FL.1.5.1,1,1
381,2023-12-15,HK.3,1,2
381,2023-12-15,XBB.1.16,1,1
381,2023-12-15,XBB.1.5,1,2
382,2023-12-16,HV.1,1,1
382,2023-12-16,JN.1,1,2
383,2023-12-17,EG.5,1,1
383,2023-12-17,HK.3,1,1
383,2023-12-17,HV.1,1,1
383,2023-12-17,JN.1,1,1
383,2023-12-17,XBB.1.16,1,2
384,2023-12-18,EG.5,1,3
384,2023-12-18,EG.5,1,1
384,2023-12-18,EG.5,1,1
384,2023-12-18,EG.5,1,1
384,2023-12-18,HK.3,1,3
384,2023-12-18,JN.1,1,1
384,2023-12-18,XBB.1.19,1,1
384,2023-12-18,XBB.1.5,1,1
384,2023-12-18,XBB.2.3,1,1
385,2023-12-19,EG.5,1,1
385,2023-12-19,FL.1.5.1,1,2
385,2023-12-19,HV.1,1,1
385,2023-12-19,HV.1,1,1
385,2023-12-19,JN.1,1,2
386,2023-12-20,EG.5,1,2
386,2023-12-20,EG.5,1,1
386,2023-12-20,XBB.1.16,1,1
387,2023-12-21,EG.5,1,1
387,2023-12-21,EG.5,1,1
387,2023-12-21,FL.1.5.1,1,3
387,2023-12-21,HK.3,1,1
387,2023-12-21,HV.1,1,2
387,2023-12-21,JN.1,1,2
387,2023-12-21,JN.1,1,1
387,2023-12-21,JN.1,1,1
388,2023-12-22,HV.1,1,1
388,2023-12-22,HV.1,1,1
388,2023-12-22,JN.1,1,1
388,2023-12-22,JN.1,1,1
389,2023-12-23,HK.3,1,1
389,2023-12-23,HK.3,1,1
389,2023-12-23,HV.1,1,1
389,2023-12-23,HV.1,1,1
389,2023-12-23,JN.1,1,3
389,2023-12-23,JN.1,1,1
389,2023-12-23,XBB.1.16,1,2
389,2023-12-23,XBB.1.5,1,1
390,2023-12-24,EG.5,1,1
390,2023-12-24,HV.1,1,1
391,2023-12-25,HK.3,1,1
392,2023-12-26,HV.1,1,1
392,2023-12-26,HV.1,1,1
392,2023-12-26,HV.1,1,1
392,2023-12-26,JN.1,1,1
392,2023-12-26,JN.1,1,1
392,2023-12-26,JN.1,1,1
393,2023-12-27,HV.1,1,4
393,2023-12-27,HV.1,1,1
393,2023-12-27,JN.1,1,2
393,2023-12-27,JN.1,1,1
393,2023-12-27,JN.1,1,1
393,2023-12-27,XBB.1.16,1,1
394,2023-12-28,FL.1.5.1,1,1
394,2023-12-28,HV.1,1,1
394,2023-12-28,JN.1,1,4
394,2023-12-28,JN.1,1,3
394,2023-12-28,JN.1,1,2
394,2023-12-28,XBB.1.16,1,1
394,2023-12-28,XBB.1.5,1,1
395,2023-12-29,EG.5,1,1
395,2023-12-29,JN.1,1,2
395,2023-12-29,JN.1,1,1
395,2023-12-29,JN.1,1,1
395,2023-12-29,JN.1,1,1
395,2023-12-29,XBB.1.16,1,2
395,2023-12-29,XBB.2.3,1,1
396,2023-12-30,EG.5,1,1
396,2023-12-30,HV.1,1,2
396,2023-12-30,JN.1,1,2
396,2023-12-30,JN.1,1,1
396,2023-12-30,JN.1,1,1
399,2024-01-02,JN.1,1,1
399,2024-01-02,JN.1,1,1
399,2024-01-02,XBB.1.16,1,2
399,2024-01-02,XBB.1.19,1,1
400,2024-01-03,HV.1,1,1
400,2024-01-03,JN.1,1,1
400,2024-01-03,JN.1,1,1
400,2024-01-03,JN.1,1,1
400,2024-01-03,XBB.1.5,1,4
401,2024-01-04,EG.5,1,1
401,2024-01-04,JN.1,1,3
401,2024-01-04,JN.1,1,2
401,2024-01-04,JN.1,1,1
401,2024-01-04,JN.1,1,1
402,2024-01-05,EG.5,1,1
402,2024-01-05,HV.1,1,1
402,2024-01-05,JN.1,1,2
402,2024-01-05,JN.1,1,1
402,2024-01-05,JN.1,1,1
403,2024-01-06,JN.1,1,1
405,2024-01-08,JN.1,1,3
405,2024-01-08,JN.1,1,2
405,2024-01-08,JN.1,1,1
405,2024-01-08,JN.1,1,1
406,2024-01-09,BA.2.86,1,1
406,2024-01-09,JN.1,1,2
406,2024-01-09,JN.1,1,1
407,2024-01-10,JN.1,1,3
407,2024-01-10,JN.1,1,1
407,2024-01-10,JN.1,1,1
408,2024-01-11,BA.2.86,1,1
408,2024-01-11,HV.1,1,1
408,2024-01-11,JN.1,1,2
408,2024-01-11,JN.1,1,1
408,2024-01-11,JN.1,1,1
410,2024-01-13,HV.1,1,1
411,2024-01-14,JN.1,1,1
411,2024-01-14,JN.1,1,1
412,2024-01-15,JN.1,1,1
412,2024-01-15,XBB.2.3,1,2
413,2024-01-16,HV.1,1,1
413,2024-01-16,JN.1,1,1
413,2024-01-16,XBB.1.16,1,1
413,2024-01-16,XBB.1.16,1,1
414,2024-01-17,EG.5,1,1
414,2024-01-17,JN.1,1,1
414,2024-01-17,JN.1,1,1
415,2024-01-18,JN.1,1,2
415,2024-01-18,JN.1,1,1
415,2024-01-18,JN.1,1,1
415,2024-01-18,JN.1,1,1
415,2024-01-18,XBB.1.16,1,1
416,2024-01-19,JN.1,1,1
416,2024-01-19,JN.1,1,1
416,2024-01-19,JN.1,1,1
418,2024-01-21,JN.1,1,1
418,2024-01-21,JN.1,1,1
418,2024-01-21,JN.1,1,1
419,2024-01-22,HV.1,1,1
419,2024-01-22,JN.1,1,3
419,2024-01-22,JN.1,1,2
419,2024-01-22,JN.1,1,1
419,2024-01-22,JN.1,1,1
420,2024-01-23,JN.1,1,1
420,2024-01-23,JN.1,1,1
420,2024-01-23,JN.1,1,1
420,2024-01-23,JN.1,1,1
421,2024-01-24,HK.3,1,4
421,2024-01-24,HK.3,1,1
421,2024-01-24,HV.1,1,1
421,2024-01-24,JN.1,1,223
421,2024-01-24,JN.1,1,1
422,2024-01-25,JN.1,1,2
424,2024-01-27,JN.1,1,2
424,2024-01-27,JN.1,1,1
424,2024-01-27,JN.1,1,1
426,2024-01-29,JN.1,1,1
426,2024-01-29,JN.1,1,1
426,2024-01-29,JN.1,1,1
427,2024-01-30,JN.1,1,1
427,2024-01-30,JN.1,1,1
427,2024-01-30,JN.1,1,1
428,2024-01-31,JN.1,1,1
428,2024-01-31,JN.1,1,1
430,2024-02-02,JN.1,1,8
430,2024-02-02,JN.1,1,1
430,2024-02-02,JN.1,1,1
430,2024-02-02,JN.1,1,1
431,2024-02-03,JN.1,1,1
431,2024-02-03,JN.1,1,1
431,2024-02-03,JN.1,1,1
432,2024-02-04,JN.1,1,1
433,2024-02-05,JN.1,1,1
433,2024-02-05,JN.1,1,1
433,2024-02-05,XBB.2.3,1,3
434,2024-02-06,JN.1,1,29
434,2024-02-06,JN.1,1,3
434,2024-02-06,JN.1,1,1
434,2024-02-06,JN.1,1,1
435,2024-02-07,JN.1,1,3
436,2024-02-08,JN.1,1,2
436,2024-02-08,JN.1,1,1
436,2024-02-08,XBB.1.19,1,1
437,2024-02-09,JN.1,1,1
437,2024-02-09,JN.1,1,1
437,2024-02-09,XBB.2.3,1,1
438,2024-02-10,JN.1,1,1
438,2024-02-10,JN.1,1,1
439,2024-02-11,JN.1,1,76
439,2024-02-11,JN.1,1,1
439,2024-02-11,JN.1,1,1
440,2024-02-12,JN.1,1,2
440,2024-02-12,JN.1,1,1
440,2024-02-12,XBB.1.16,1,1
440,2024-02-12,XBB.2.3,1,1
441,2024-02-13,JN.1,1,1
441,2024-02-13,JN.1,1,1
442,2024-02-14,BA.2.86,1,1
443,2024-02-15,JN.1,1,2
443,2024-02-15,JN.1,1,1
443,2024-02-15,JN.1,1,1
443,2024-02-15,JN.1,1,1
444,2024-02-16,JN.1,1,2
444,2024-02-16,JN.1,1,1
444,2024-02-16,JN.1,1,1
444,2024-02-16,JN.1,1,1
446,2024-02-18,JN.1,1,3
447,2024-02-19,JN.1,1,4
447,2024-02-19,JN.1,1,2
447,2024-02-19,JN.1,1,2
447,2024-02-19,JN.1,1,1
447,2024-02-19,JN.1,1,1
447,2024-02-19,JN.1,1,1
447,2024-02-19,JN.1,1,1
447,2024-02-19,JN.1,1,1
448,2024-02-20,JN.1,1,1
448,2024-02-20,JN.1,1,1
449,2024-02-21,JN.1,1,1
450,2024-02-22,JN.1,1,2
450,2024-02-22,JN.1,1,1
450,2024-02-22,JN.1,1,1
450,2024-02-22,JN.1,1,1
451,2024-02-23,JN.1,1,2
451,2024-02-23,JN.1,1,2
451,2024-02-23,JN.1,1,1
451,2024-02-23,JN.1,1,1
451,2024-02-23,JN.1,1,1
451,2024-02-23,JN.1,1,1
451,2024-02-23,JN.1,1,1
452,2024-02-24,JN.1,1,1
452,2024-02-24,JN.1,1,1
453,2024-02-25,JN.1,1,4
453,2024-02-25,JN.1,1,1
455,2024-02-27,JN.1,1,1
455,2024-02-27,JN.1,1,1
456,2024-02-28,JN.1,1,47
456,2024-02-28,JN.1,1,1
456,2024-02-28,JN.1,1,1
456,2024-02-28,JN.1,1,1
456,2024-02-28,JN.1,1,1
458,2024-03-01,JN.1,1,2
458,2024-03-01,JN.1,1,2
458,2024-03-01,JN.1,1,2
460,2024-03-03,JN.1,1,2
460,2024-03-03,JN.1,1,1
461,2024-03-04,JN.1,1,1
462,2024-03-05,JN.1,1,1
462,2024-03-05,JN.1,1,1
462,2024-03-05,JN.1,1,1
462,2024-03-05,JN.1,1,1
463,2024-03-06,JN.1,1,2
464,2024-03-07,JN.1,1,2
465,2024-03-08,JN.1,1,2
466,2024-03-09,JN.1,1,7
466,2024-03-09,JN.1,1,1
467,2024-03-10,JN.1,1,2
467,2024-03-10,JN.1,1,1
469,2024-03-12,JN.1,1,2
469,2024-03-12,JN.1,1,1
470,2024-03-13,JN.1,1,1
470,2024-03-13,JN.1,1,1
470,2024-03-13,JN.1,1,1
470,2024-03-13,JN.1,1,1
473,2024-03-16,JN.1,1,1
473,2024-03-16,JN.1,1,1
477,2024-03-20,JN.1,1,1
478,2024-03-21,JN.1,1,11
478,2024-03-21,JN.1,1,1
479,2024-03-22,JN.1,1,1
479,2024-03-22,JN.1,1,1
480,2024-03-23,JN.1,1,1
481,2024-03-24,JN.1,1,2
481,2024-03-24,JN.1,1,1
482,2024-03-25,JN.1,1,1
483,2024-03-26,JN.1,1,2
484,2024-03-27,JN.1,1,1
486,2024-03-29,JN.1,1,1
488,2024-03-31,JN.1,1,1
489,2024-04-01,JN.1,1,8
490,2024-04-02,JN.1,1,1
490,2024-04-02,JN.1,1,1
491,2024-04-03,JN.1,1,1
492,2024-04-04,JN.1,1,2
493,2024-04-05,JN.1,1,1
493,2024-04-05,JN.1,1,1
495,2024-04-07,JN.1,1,1
496,2024-04-08,JN.1,1,1
497,2024-04-09,JN.1,1,1
498,2024-04-10,JN.1,1,3
498,2024-04-10,JN.1,1,1
498,2024-04-10,JN.1,1,1
499,2024-04-11,JN.1,1,2
499,2024-04-11,JN.1,1,2
499,2024-04-11,JN.1,1,2
502,2024-04-14,JN.1,1,1
503,2024-04-15,JN.1,1,1
504,2024-04-16,JN.1,1,3
504,2024-04-16,JN.1,1,2
504,2024-04-16,JN.1,1,1
504,2024-04-16,JN.1,1,1
505,2024-04-17,JN.1,1,2
505,2024-04-17,JN.1,1,1
506,2024-04-18,JN.1,1,2
507,2024-04-19,JN.1,1,2
509,2024-04-21,JN.1,1,1
509,2024-04-21,JN.1,1,1
510,2024-04-22,JN.1,1,3
511,2024-04-23,JN.1,1,2
511,2024-04-23,JN.1,1,1
511,2024-04-23,JN.1,1,1
511,2024-04-23,JN.1,1,1
511,2024-04-23,JN.1,1,1
512,2024-04-24,JN.1,1,3
512,2024-04-24,JN.1,1,2
513,2024-04-25,JN.1,1,2
514,2024-04-26,JN.1,1,1
514,2024-04-26,JN.1,1,1
515,2024-04-27,JN.1,1,4
515,2024-04-27,JN.1,1,2
515,2024-04-27,JN.1,1,1
515,2024-04-27,JN.1,1,1
515,2024-04-27,JN.1,1,1
516,2024-04-28,JN.1,1,1
518,2024-04-30,JN.1,1,3
518,2024-04-30,JN.1,1,2
519,2024-05-01,JN.1,1,3
519,2024-05-01,JN.1,1,2
519,2024-05-01,JN.1,1,1
520,2024-05-02,JN.1,1,2
520,2024-05-02,JN.1,1,2
521,2024-05-03,JN.1,1,2
524,2024-05-06,JN.1,1,3
524,2024-05-06,JN.1,1,2
525,2024-05-07,JN.1,1,2
525,2024-05-07,JN.1,1,2
525,2024-05-07,JN.1,1,2
526,2024-05-08,JN.1,1,1
527,2024-05-09,JN.1,1,2
527,2024-05-09,JN.1,1,1
528,2024-05-10,JN.1,1,3
528,2024-05-10,JN.1,1,2
528,2024-05-10,JN.1,1,2
528,2024-05-10,JN.1,1,1
530,2024-05-12,JN.1,1,2
531,2024-05-13,JN.1,1,3
531,2024-05-13,JN.1,1,2
531,2024-05-13,JN.1,1,1
531,2024-05-13,JN.1,1,1
532,2024-05-14,JN.1,1,2
532,2024-05-14,JN.1,1,2
532,2024-05-14,JN.1,1,1
533,2024-05-15,JN.1,1,3
533,2024-05-15,JN.1,1,2
533,2024-05-15,JN.1,1,2
533,2024-05-15,JN.1,1,1
533,2024-05-15,JN.1,1,1
533,2024-05-15,JN.1,1,1
534,2024-05-16,JN.1,1,1
535,2024-05-17,JN.1,1,7
535,2024-05-17,JN.1,1,6
536,2024-05-18,JN.1,1,387
536,2024-05-18,JN.1,1,3
537,2024-05-19,JN.1,1,1
537,2024-05-19,JN.1,1,1
537,2024-05-19,JN.1,1,1
537,2024-05-19,JN.1,1,1
537,2024-05-19,JN.1,1,1
538,2024-05-20,JN.1,1,3
538,2024-05-20,JN.1,1,2
539,2024-05-21,JN.1,1,1
539,2024-05-21,JN.1,1,1
540,2024-05-22,JN.1,1,2
540,2024-05-22,JN.1,1,2
540,2024-05-22,JN.1,1,1
541,2024-05-23,JN.1,1,2
541,2024-05-23,JN.1,1,1
541,2024-05-23,JN.1,1,1
541,2024-05-23,JN.1,1,1
542,2024-05-24,JN.1,1,71
542,2024-05-24,JN.1,1,6
542,2024-05-24,JN.1,1,1
543,2024-05-25,JN.1,1,4
543,2024-05-25,JN.1,1,2
543,2024-05-25,JN.1,1,1
543,2024-05-25,JN.1,1,1
543,2024-05-25,JN.1,1,1
544,2024-05-26,JN.1,1,1
545,2024-05-27,JN.1,1,2
545,2024-05-27,JN.1,1,2
545,2024-05-27,JN.1,1,1
545,2024-05-27,JN.1,1,1
546,2024-05-28,JN.1,1,7
547,2024-05-29,JN.1,1,7
547,2024-05-29,JN.1,1,3
547,2024-05-29,JN.1,1,2
547,2024-05-29,JN.1,1,1
548,2024-05-30,JN.1,1,19
548,2024-05-30,JN.1,1,2
548,2024-05-30,JN.1,1,1
548,2024-05-30,JN.1,1,1
548,2024-05-30,JN.1,1,1
549,2024-05-31,JN.1,1,2
549,2024-05-31,JN.1,1,2
549,2024-05-31,JN.1,1,2
549,2024-05-31,JN.1,1,1
550,2024-06-01,JN.1,1,4
550,2024-06-01,JN.1,1,3
550,2024-06-01,JN.1,1,1
551,2024-06-02,JN.1,1,2
551,2024-06-02,JN.1,1,2
552,2024-06-03,JN.1,1,4
552,2024-06-03,JN.1,1,3
552,2024-06-03,JN.1,1,2
552,2024-06-03,JN.1,1,1
552,2024-06-03,JN.1,1,1
552,2024-06-03,JN.1,1,1
552,2024-06-03,JN.1,1,1
553,2024-06-04,JN.1,1,2
553,2024-06-04,JN.1,1,2
553,2024-06-04,JN.1,1,2
553,2024-06-04,JN.1,1,2
553,2024-06-04,JN.1,1,2
553,2024-06-04,JN.1,1,2
553,2024-06-04,JN.1,1,1
553,2024-06-04,JN.1,1,1
554,2024-06-05,JN.1,1,4
554,2024-06-05,JN.1,1,2
554,2024-06-05,JN.1,1,2
554,2024-06-05,JN.1,1,2
554,2024-06-05,JN.1,1,2
554,2024-06-05,JN.1,1,2
554,2024-06-05,JN.1,1,1
555,2024-06-06,JN.1,1,9
555,2024-06-06,JN.1,1,2
555,2024-06-06,JN.1,1,2
555,2024-06-06,JN.1,1,2
555,2024-06-06,JN.1,1,1
556,2024-06-07,JN.1,1,4
556,2024-06-07,JN.1,1,3
556,2024-06-07,JN.1,1,2
556,2024-06-07,JN.1,1,1
556,2024-06-07,JN.1,1,1
556,2024-06-07,JN.1,1,1
557,2024-06-08,JN.1,1,1
558,2024-06-09,JN.1,1,2
558,2024-06-09,JN.1,1,1
558,2024-06-09,JN.1,1,1
558,2024-06-09,JN.1,1,1
559,2024-06-10,JN.1,1,2
559,2024-06-10,JN.1,1,1
559,2024-06-10,JN.1,1,1
559,2024-06-10,JN.1,1,1
559,2024-06-10,JN.1,1,1
559,2024-06-10,JN.1,1,1
559,2024-06-10,JN.1,1,1
560,2024-06-11,JN.1,1,2
560,2024-06-11,JN.1,1,1
560,2024-06-11,JN.1,1,1
561,2024-06-12,JN.1,1,12
561,2024-06-12,JN.1,1,3
561,2024-06-12,JN.1,1,2
561,2024-06-12,JN.1,1,2
561,2024-06-12,JN.1,1,2
561,2024-06-12,JN.1,1,2
561,2024-06-12,JN.1,1,2
561,2024-06-12,JN.1,1,1
561,2024-06-12,JN.1,1,1
561,2024-06-12,JN.1,1,1
561,2024-06-12,JN.1,1,1
562,2024-06-13,JN.1,1,2
562,2024-06-13,JN.1,1,2
562,2024-06-13,JN.1,1,2
562,2024-06-13,JN.1,1,1
562,2024-06-13,JN.1,1,1
563,2024-06-14,JN.1,1,1
563,2024-06-14,JN.1,1,1
563,2024-06-14,JN.1,1,1
563,2024-06-14,JN.1,1,1
564,2024-06-15,JN.1,1,1
564,2024-06-15,JN.1,1,1
565,2024-06-16,JN.1,1,1
566,2024-06-17,JN.1,1,6
566,2024-06-17,JN.1,1,4
566,2024-06-17,JN.1,1,2
566,2024-06-17,JN.1,1,2
566,2024-06-17,JN.1,1,1
566,2024-06-17,JN.1,1,1
566,2024-06-17,JN.1,1,1
566,2024-06-17,JN.1,1,1
567,2024-06-18,JN.1,1,1
567,2024-06-18,JN.1,1,1
568,2024-06-19,JN.1,1,2
568,2024-06-19,JN.1,1,1
568,2024-06-19,JN.1,1,1
568,2024-06-19,JN.1,1,1
568,2024-06-19,JN.1,1,1
568,2024-06-19,JN.1,1,1
568,2024-06-19,JN.1,1,1
568,2024-06-19,JN.1,1,1
569,2024-06-20,JN.1,1,2
569,2024-06-20,JN.1,1,2
569,2024-06-20,JN.1,1,2
569,2024-06-20,JN.1,1,1
569,2024-06-20,JN.1,1,1
569,2024-06-20,JN.1,1,1
569,2024-06-20,JN.1,1,1
569,2024-06-20,JN.1,1,1
569,2024-06-20,JN.1,1,1
570,2024-06-21,JN.1,1,4
570,2024-06-21,JN.1,1,4
570,2024-06-21,JN.1,1,2
570,2024-06-21,JN.1,1,2
570,2024-06-21,JN.1,1,2
570,2024-06-21,JN.1,1,2
570,2024-06-21,JN.1,1,1
570,2024-06-21,JN.1,1,1
570,2024-06-21,JN.1,1,1
570,2024-06-21,JN.1,1,1
570,2024-06-21,JN.1,1,1
571,2024-06-22,JN.1,1,1
571,2024-06-22,JN.1,1,1
572,2024-06-23,JN.1,1,16
572,2024-06-23,JN.1,1,4
572,2024-06-23,JN.1,1,2
572,2024-06-23,JN.1,1,2
572,2024-06-23,JN.1,1,2
572,2024-06-23,JN.1,1,2
572,2024-06-23,JN.1,1,2
572,2024-06-23,JN.1,1,1
572,2024-06-23,JN.1,1,1
572,2024-06-23,JN.1,1,1
572,2024-06-23,JN.1,1,1
572,2024-06-23,JN.1,1,1
572,2024-06-23,JN.1,1,1
573,2024-06-24,JN.1,1,2
573,2024-06-24,JN.1,1,2
573,2024-06-24,JN.1,1,1
573,2024-06-24,JN.1,1,1
573,2024-06-24,JN.1,1,1
574,2024-06-25,JN.1,1,6
574,2024-06-25,JN.1,1,3
574,2024-06-25,JN.1,1,2
574,2024-06-25,JN.1,1,2
574,2024-06-25,JN.1,1,2
574,2024-06-25,JN.1,1,1
574,2024-06-25,JN.1,1,1
574,2024-06-25,JN.1,1,1
574,2024-06-25,JN.1,1,1
574,2024-06-25,JN.1,1,1
575,2024-06-26,JN.1,1,5
575,2024-06-26,JN.1,1,4
575,2024-06-26,JN.1,1,2
575,2024-06-26,JN.1,1,2
575,2024-06-26,JN.1,1,2
575,2024-06-26,JN.1,1,2
575,2024-06-26,JN.1,1,2
575,2024-06-26,JN.1,1,2
575,2024-06-26,JN.1,1,1
575,2024-06-26,JN.1,1,1
575,2024-06-26,JN.1,1,1
575,2024-06-26,JN.1,1,1
575,2024-06-26,JN.1,1,1
575,2024-06-26,JN.1,1,1
576,2024-06-27,JN.1,1,5
576,2024-06-27,JN.1,1,2
576,2024-06-27,JN.1,1,2
576,2024-06-27,JN.1,1,2
576,2024-06-27,JN.1,1,2
576,2024-06-27,JN.1,1,1
577,2024-06-28,JN.1,1,3
577,2024-06-28,JN.1,1,3
577,2024-06-28,JN.1,1,2
577,2024-06-28,JN.1,1,2
577,2024-06-28,JN.1,1,2
577,2024-06-28,JN.1,1,2
577,2024-06-28,JN.1,1,2
577,2024-06-28,JN.1,1,2
577,2024-06-28,JN.1,1,1
577,2024-06-28,JN.1,1,1
577,2024-06-28,JN.1,1,1
578,2024-06-29,JN.1,1,3
578,2024-06-29,JN.1,1,2
578,2024-06-29,JN.1,1,2
578,2024-06-29,JN.1,1,1
578,2024-06-29,JN.1,1,1
578,2024-06-29,JN.1,1,1
578,2024-06-29,JN.1,1,1
579,2024-06-30,JN.1,1,12
579,2024-06-30,JN.1,1,10
579,2024-06-30,JN.1,1,6
579,2024-06-30,JN.1,1,4
579,2024-06-30,JN.1,1,4
579,2024-06-30,JN.1,1,2
579,2024-06-30,JN.1,1,2
579,2024-06-30,JN.1,1,1
579,2024-06-30,JN.1,1,1
579,2024-06-30,JN.1,1,1
580,2024-07-01,JN.1,1,12
580,2024-07-01,JN.1,1,1
580,2024-07-01,JN.1,1,1
580,2024-07-01,JN.1,1,1
581,2024-07-02,JN.1,1,1
581,2024-07-02,JN.1,1,1
581,2024-07-02,JN.1,1,1
581,2024-07-02,JN.1,1,1
581,2024-07-02,JN.1,1,1
582,2024-07-03,JN.1,1,1
582,2024-07-03,JN.1,1,1
582,2024-07-03,JN.1,1,1
582,2024-07-03,JN.1,1,1
582,2024-07-03,JN.1,1,1
582,2024-07-03,JN.1,1,1
582,2024-07-03,JN.1,1,1
582,2024-07-03,JN.1,1,1
583,2024-07-04,JN.1,1,5
583,2024-07-04,JN.1,1,1
583,2024-07-04,JN.1,1,1
584,2024-07-05,JN.1,1,20
584,2024-07-05,JN.1,1,2
584,2024-07-05,JN.1,1,2
584,2024-07-05,JN.1,1,1
584,2024-07-05,JN.1,1,1
584,2024-07-05,JN.1,1,1
584,2024-07-05,JN.1,1,1
585,2024-07-06,JN.1,1,10
585,2024-07-06,JN.1,1,2
585,2024-07-06,JN.1,1,2
585,2024-07-06,JN.1,1,1
585,2024-07-06,JN.1,1,1
586,2024-07-07,JN.1,1,4
586,2024-07-07,JN.1,1,2
586,2024-07-07,JN.1,1,2
586,2024-07-07,JN.1,1,1
586,2024-07-07,JN.1,1,1
586,2024-07-07,JN.1,1,1
587,2024-07-08,JN.1,1,15
587,2024-07-08,JN.1,1,3
587,2024-07-08,JN.1,1,2
587,2024-07-08,JN.1,1,2
587,2024-07-08,JN.1,1,1
587,2024-07-08,JN.1,1,1
587,2024-07-08,JN.1,1,1
587,2024-07-08,JN.1,1,1
587,2024-07-08,JN.1,1,1
588,2024-07-09,JN.1,1,2
588,2024-07-09,JN.1,1,1
588,2024-07-09,JN.1,1,1
588,2024-07-09,JN.1,1,1
588,2024-07-09,JN.1,1,1
588,2024-07-09,JN.1,1,1
588,2024-07-09,JN.1,1,1
589,2024-07-10,JN.1,1,7
589,2024-07-10,JN.1,1,2
589,2024-07-10,JN.1,1,2
589,2024-07-10,JN.1,1,2
589,2024-07-10,JN.1,1,1
589,2024-07-10,JN.1,1,1
589,2024-07-10,JN.1,1,1
589,2024-07-10,JN.1,1,1
589,2024-07-10,JN.1,1,1
589,2024-07-10,JN.1,1,1
589,2024-07-10,JN.1,1,1
589,2024-07-10,JN.1,1,1
590,2024-07-11,JN.1,1,3
590,2024-07-11,JN.1,1,2
590,2024-07-11,JN.1,1,2
590,2024-07-11,JN.1,1,2
590,2024-07-11,JN.1,1,2
590,2024-07-11,JN.1,1,1
590,2024-07-11,JN.1,1,1
590,2024-07-11,JN.1,1,1
591,2024-07-12,JN.1,1,2
591,2024-07-12,JN.1,1,2
591,2024-07-12,JN.1,1,1
591,2024-07-12,JN.1,1,1
591,2024-07-12,JN.1,1,1
591,2024-07-12,JN.1,1,1
591,2024-07-12,JN.1,1,1
591,2024-07-12,JN.1,1,1
591,2024-07-12,JN.1,1,1
591,2024-07-12,JN.1,1,1
592,2024-07-13,JN.1,1,2
592,2024-07-13,JN.1,1,1
592,2024-07-13,JN.1,1,1
592,2024-07-13,JN.1,1,1
593,2024-07-14,JN.1,1,3
593,2024-07-14,JN.1,1,3
593,2024-07-14,JN.1,1,2
593,2024-07-14,JN.1,1,2
593,2024-07-14,JN.1,1,2
593,2024-07-14,JN.1,1,2
593,2024-07-14,JN.1,1,2
593,2024-07-14,JN.1,1,1
593,2024-07-14,JN.1,1,1
593,2024-07-14,JN.1,1,1
593,2024-07-14,JN.1,1,1
594,2024-07-15,JN.1,1,3
594,2024-07-15,JN.1,1,2
594,2024-07-15,JN.1,1,2
594,2024-07-15,JN.1,1,2
594,2024-07-15,JN.1,1,1
594,2024-07-15,JN.1,1,1
594,2024-07-15,JN.1,1,1
595,2024-07-16,JN.1,1,4
595,2024-07-16,JN.1,1,2
595,2024-07-16,JN.1,1,2
595,2024-07-16,JN.1,1,1
595,2024-07-16,JN.1,1,1
595,2024-07-16,JN.1,1,1
596,2024-07-17,JN.1,1,5
596,2024-07-17,JN.1,1,2
596,2024-07-17,JN.1,1,2
596,2024-07-17,JN.1,1,1
596,2024-07-17,JN.1,1,1
596,2024-07-17,JN.1,1,1
596,2024-07-17,JN.1,1,1
596,2024-07-17,JN.1,1,1
597,2024-07-18,JN.1,1,4
597,2024-07-18,JN.1,1,4
597,2024-07-18,JN.1,1,2
597,2024-07-18,JN.1,1,2
597,2024-07-18,JN.1,1,1
597,2024-07-18,JN.1,1,1
597,2024-07-18,JN.1,1,1
598,2024-07-19,JN.1,1,4
598,2024-07-19,JN.1,1,2
598,2024-07-19,JN.1,1,1
598,2024-07-19,JN.1,1,1
598,2024-07-19,JN.1,1,1
598,2024-07-19,JN.1,1,1
598,2024-07-19,JN.1,1,1
598,2024-07-19,JN.1,1,1
598,2024-07-19,JN.1,1,1
598,2024-07-19,JN.1,1,1
599,2024-07-20,JN.1,1,2
599,2024-07-20,JN.1,1,2
599,2024-07-20,JN.1,1,2
599,2024-07-20,JN.1,1,1
599,2024-07-20,JN.1,1,1
599,2024-07-20,JN.1,1,1
600,2024-07-21,JN.1,1,2
600,2024-07-21,JN.1,1,2
600,2024-07-21,JN.1,1,1
600,2024-07-21,JN.1,1,1
601,2024-07-22,JN.1,1,2
601,2024-07-22,JN.1,1,2
601,2024-07-22,JN.1,1,1
601,2024-07-22,JN.1,1,1
601,2024-07-22,JN.1,1,1
601,2024-07-22,JN.1,1,1
601,2024-07-22,JN.1,1,1
601,2024-07-22,JN.1,1,1
601,2024-07-22,JN.1,1,1
602,2024-07-23,JN.1,1,2
602,2024-07-23,JN.1,1,2
602,2024-07-23,JN.1,1,1
602,2024-07-23,JN.1,1,1
603,2024-07-24,JN.1,1,4
603,2024-07-24,JN.1,1,2
603,2024-07-24,JN.1,1,2
603,2024-07-24,JN.1,1,1
603,2024-07-24,JN.1,1,1
604,2024-07-25,JN.1,1,2
604,2024-07-25,JN.1,1,1
604,2024-07-25,JN.1,1,1
604,2024-07-25,JN.1,1,1
605,2024-07-26,JN.1,1,6
605,2024-07-26,JN.1,1,2
605,2024-07-26,JN.1,1,2
605,2024-07-26,JN.1,1,2
605,2024-07-26,JN.1,1,1
605,2024-07-26,JN.1,1,1
605,2024-07-26,JN.1,1,1
606,2024-07-27,JN.1,1,6
606,2024-07-27,JN.1,1,3
606,2024-07-27,JN.1,1,2
606,2024-07-27,JN.1,1,2
606,2024-07-27,JN.1,1,1
606,2024-07-27,JN.1,1,1
606,2024-07-27,JN.1,1,1
606,2024-07-27,JN.1,1,1
607,2024-07-28,JN.1,1,3
607,2024-07-28,JN.1,1,3
607,2024-07-28,JN.1,1,2
607,2024-07-28,JN.1,1,2
607,2024-07-28,JN.1,1,2
607,2024-07-28,JN.1,1,1
607,2024-07-28,JN.1,1,1
607,2024-07-28,JN.1,1,1
608,2024-07-29,JN.1,1,3
608,2024-07-29,JN.1,1,2
608,2024-07-29,JN.1,1,2
608,2024-07-29,JN.1,1,1
608,2024-07-29,JN.1,1,1
608,2024-07-29,JN.1,1,1
608,2024-07-29,JN.1,1,1
608,2024-07-29,JN.1,1,1
608,2024-07-29,JN.1,1,1
609,2024-07-30,JN.1,1,5
609,2024-07-30,JN.1,1,3
609,2024-07-30,JN.1,1,2
609,2024-07-30,JN.1,1,1
609,2024-07-30,JN.1,1,1
609,2024-07-30,JN.1,1,1
609,2024-07-30,JN.1,1,1
609,2024-07-30,JN.1,1,1
610,2024-07-31,JN.1,1,4
610,2024-07-31,JN.1,1,2
610,2024-07-31,JN.1,1,2
610,2024-07-31,JN.1,1,1
610,2024-07-31,JN.1,1,1
610,2024-07-31,JN.1,1,1
610,2024-07-31,JN.1,1,1
610,2024-07-31,JN.1,1,1
610,2024-07-31,JN.1,1,1
610,2024-07-31,JN.1,1,1
611,2024-08-01,JN.1,1,6
611,2024-08-01,JN.1,1,3
611,2024-08-01,JN.1,1,2
611,2024-08-01,JN.1,1,2
611,2024-08-01,JN.1,1,1
611,2024-08-01,JN.1,1,1
611,2024-08-01,JN.1,1,1
611,2024-08-01,JN.1,1,1
611,2024-08-01,JN.1,1,1
611,2024-08-01,JN.1,1,1
611,2024-08-01,JN.1,1,1
611,2024-08-01,JN.1,1,1
611,2024-08-01,JN.1,1,1
612,2024-08-02,JN.1,1,2
612,2024-08-02,JN.1,1,2
612,2024-08-02,JN.1,1,1
612,2024-08-02,JN.1,1,1
612,2024-08-02,JN.1,1,1
612,2024-08-02,JN.1,1,1
612,2024-08-02,JN.1,1,1
613,2024-08-03,JN.1,1,3
613,2024-08-03,JN.1,1,2
613,2024-08-03,JN.1,1,2
613,2024-08-03,JN.1,1,2
613,2024-08-03,JN.1,1,1
613,2024-08-03,JN.1,1,1
614,2024-08-04,JN.1,1,2
614,2024-08-04,JN.1,1,2
614,2024-08-04,JN.1,1,2
614,2024-08-04,JN.1,1,2
614,2024-08-04,JN.1,1,2
614,2024-08-04,JN.1,1,1
614,2024-08-04,JN.1,1,1
614,2024-08-04,JN.1,1,1
614,2024-08-04,JN.1,1,1
614,2024-08-04,JN.1,1,1
614,2024-08-04,JN.1,1,1
615,2024-08-05,JN.1,1,3
615,2024-08-05,JN.1,1,2
615,2024-08-05,JN.1,1,2
615,2024-08-05,JN.1,1,2
615,2024-08-05,JN.1,1,2
615,2024-08-05,JN.1,1,2
615,2024-08-05,JN.1,1,1
615,2024-08-05,JN.1,1,1
615,2024-08-05,JN.1,1,1
615,2024-08-05,JN.1,1,1
615,2024-08-05,JN.1,1,1
615,2024-08-05,JN.1,1,1
616,2024-08-06,JN.1,1,2
616,2024-08-06,JN.1,1,2
616,2024-08-06,JN.1,1,1
616,2024-08-06,JN.1,1,1
616,2024-08-06,JN.1,1,1
616,2024-08-06,JN.1,1,1
616,2024-08-06,JN.1,1,1
617,2024-08-07,JN.1,1,3
617,2024-08-07,JN.1,1,3
617,2024-08-07,JN.1,1,2
617,2024-08-07,JN.1,1,2
617,2024-08-07,JN.1,1,1
617,2024-08-07,JN.1,1,1
617,2024-08-07,JN.1,1,1
617,2024-08-07,JN.1,1,1
617,2024-08-07,JN.1,1,1
617,2024-08-07,JN.1,1,1
617,2024-08-07,JN.1,1,1
617,2024-08-07,JN.1,1,1
617,2024-08-07,JN.1,1,1
617,2024-08-07,JN.1,1,1
617,2024-08-07,JN.1,1,1
617,2024-08-07,JN.1,1,1
618,2024-08-08,JN.1,1,3
618,2024-08-08,JN.1,1,2
618,2024-08-08,JN.1,1,1
618,2024-08-08,JN.1,1,1
618,2024-08-08,JN.1,1,1
618,2024-08-08,JN.1,1,1
619,2024-08-09,JN.1,1,3
619,2024-08-09,JN.1,1,2
619,2024-08-09,JN.1,1,2
619,2024-08-09,JN.1,1,2
619,2024-08-09,JN.1,1,2
619,2024-08-09,JN.1,1,1
620,2024-08-10,JN.1,1,3
620,2024-08-10,JN.1,1,2
620,2024-08-10,JN.1,1,2
620,2024-08-10,JN.1,1,1
620,2024-08-10,JN.1,1,1
621,2024-08-11,JN.1,1,2
621,2024-08-11,JN.1,1,2
621,2024-08-11,JN.1,1,1
621,2024-08-11,JN.1,1,1
621,2024-08-11,JN.1,1,1
622,2024-08-12,JN.1,1,2
622,2024-08-12,JN.1,1,1
622,2024-08-12,JN.1,1,1
623,2024-08-13,JN.1,1,1
623,2024-08-13,JN.1,1,1
623,2024-08-13,JN.1,1,1
623,2024-08-13,JN.1,1,1
623,2024-08-13,JN.1,1,1
623,2024-08-13,JN.1,1,1
624,2024-08-14,JN.1,1,3
624,2024-08-14,JN.1,1,2
624,2024-08-14,JN.1,1,1
624,2024-08-14,JN.1,1,1
624,2024-08-14,JN.1,1,1
624,2024-08-14,JN.1,1,1
624,2024-08-14,JN.1,1,1
624,2024-08-14,JN.1,1,1
625,2024-08-15,JN.1,1,1
625,2024-08-15,JN.1,1,1
625,2024-08-15,JN.1,1,1
626,2024-08-16,JN.1,1,2
626,2024-08-16,JN.1,1,2
626,2024-08-16,JN.1,1,2
626,2024-08-16,JN.1,1,2
626,2024-08-16,JN.1,1,1
627,2024-08-17,JN.1,1,2
627,2024-08-17,JN.1,1,1
628,2024-08-18,JN.1,1,1
629,2024-08-19,JN.1,1,2
629,2024-08-19,JN.1,1,2
629,2024-08-19,JN.1,1,1
629,2024-08-19,JN.1,1,1
629,2024-08-19,JN.1,1,1
629,2024-08-19,JN.1,1,1
629,2024-08-19,JN.1,1,1
629,2024-08-19,JN.1,1,1
629,2024-08-19,JN.1,1,1
629,2024-08-19,JN.1,1,1
630,2024-08-20,JN.1,1,1
630,2024-08-20,JN.1,1,1
630,2024-08-20,JN.1,1,1
631,2024-08-21,JN.1,1,2
631,2024-08-21,JN.1,1,2
631,2024-08-21,JN.1,1,1
631,2024-08-21,JN.1,1,1
632,2024-08-22,JN.1,1,4
632,2024-08-22,JN.1,1,3
632,2024-08-22,JN.1,1,2
632,2024-08-22,JN.1,1,2
632,2024-08-22,JN.1,1,1
632,2024-08-22,JN.1,1,1
632,2024-08-22,JN.1,1,1
632,2024-08-22,JN.1,1,1
632,2024-08-22,JN.1,1,1
633,2024-08-23,JN.1,1,2
633,2024-08-23,JN.1,1,2
633,2024-08-23,JN.1,1,1
633,2024-08-23,JN.1,1,1
635,2024-08-25,JN.1,1,1
635,2024-08-25,JN.1,1,1
635,2024-08-25,JN.1,1,1
636,2024-08-26,JN.1,1,3
636,2024-08-26,JN.1,1,2
636,2024-08-26,JN.1,1,2
636,2024-08-26,JN.1,1,2
636,2024-08-26,JN.1,1,1
636,2024-08-26,JN.1,1,1
636,2024-08-26,JN.1,1,1
636,2024-08-26,JN.1,1,1
636,2024-08-26,JN.1,1,1
636,2024-08-26,JN.1,1,1
636,2024-08-26,JN.1,1,1
637,2024-08-27,JN.1,1,2
637,2024-08-27,JN.1,1,2
637,2024-08-27,JN.1,1,2
637,2024-08-27,JN.1,1,2
637,2024-08-27,JN.1,1,2
637,2024-08-27,JN.1,1,1
637,2024-08-27,JN.1,1,1
637,2024-08-27,JN.1,1,1
637,2024-08-27,JN.1,1,1
637,2024-08-27,JN.1,1,1
637,2024-08-27,JN.1,1,1
637,2024-08-27,JN.1,1,1
637,2024-08-27,JN.1,1,1
637,2024-08-27,JN.1,1,1
637,2024-08-27,JN.1,1,1
638,2024-08-28,JN.1,1,2
638,2024-08-28,JN.1,1,2
638,2024-08-28,JN.1,1,2
638,2024-08-28,JN.1,1,2
638,2024-08-28,JN.1,1,1
638,2024-08-28,JN.1,1,1
638,2024-08-28,JN.1,1,1
638,2024-08-28,JN.1,1,1
638,2024-08-28,JN.1,1,1
639,2024-08-29,JN.1,1,1
639,2024-08-29,JN.1,1,1
639,2024-08-29,JN.1,1,1
640,2024-08-30,JN.1,1,4
640,2024-08-30,JN.1,1,2
640,2024-08-30,JN.1,1,1
640,2024-08-30,JN.1,1,1
640,2024-08-30,JN.1,1,1
643,2024-09-02,JN.1,1,2
643,2024-09-02,JN.1,1,1
643,2024-09-02,JN.1,1,1
644,2024-09-03,JN.1,1,5
644,2024-09-03,JN.1,1,2
644,2024-09-03,JN.1,1,2
644,2024-09-03,JN.1,1,1
644,2024-09-03,JN.1,1,1
644,2024-09-03,JN.1,1,1
644,2024-09-03,JN.1,1,1
645,2024-09-04,JN.1,1,2
645,2024-09-04,JN.1,1,2
645,2024-09-04,JN.1,1,1
645,2024-09-04,JN.1,1,1
645,2024-09-04,JN.1,1,1
646,2024-09-05,JN.1,1,1
646,2024-09-05,JN.1,1,1
646,2024-09-05,JN.1,1,1
646,2024-09-05,JN.1,1,1
646,2024-09-05,JN.1,1,1
646,2024-09-05,JN.1,1,1
646,2024-09-05,JN.1,1,1
647,2024-09-06,JN.1,1,1
649,2024-09-08,JN.1,1,1
650,2024-09-09,JN.1,1,1
650,2024-09-09,JN.1,1,1
650,2024-09-09,JN.1,1,1
651,2024-09-10,JN.1,1,3
651,2024-09-10,JN.1,1,1
651,2024-09-10,JN.1,1,1
651,2024-09-10,JN.1,1,1
651,2024-09-10,JN.1,1,1
652,2024-09-11,JN.1,1,2
652,2024-09-11,JN.1,1,1
652,2024-09-11,JN.1,1,1
652,2024-09-11,JN.1,1,1
653,2024-09-12,JN.1,1,2
653,2024-09-12,JN.1,1,1
653,2024-09-12,JN.1,1,1
653,2024-09-12,JN.1,1,1
653,2024-09-12,JN.1,1,1
653,2024-09-12,JN.1,1,1
653,2024-09-12,JN.1,1,1
654,2024-09-13,JN.1,1,2
656,2024-09-15,JN.1,1,1
656,2024-09-15,JN.1,1,1
657,2024-09-16,JN.1,1,3
657,2024-09-16,JN.1,1,1
657,2024-09-16,JN.1,1,1
657,2024-09-16,JN.1,1,1
658,2024-09-17,JN.1,1,1
659,2024-09-18,JN.1,1,2
659,2024-09-18,JN.1,1,1
659,2024-09-18,JN.1,1,1
659,2024-09-18,JN.1,1,1
659,2024-09-18,JN.1,1,1
660,2024-09-19,JN.1,1,1
660,2024-09-19,JN.1,1,1
660,2024-09-19,JN.1,1,1
660,2024-09-19,JN.1,1,1
660,2024-09-19,JN.1,1,1
661,2024-09-20,JN.1,1,1
663,2024-09-22,JN.1,1,2
663,2024-09-22,JN.1,1,2
663,2024-09-22,JN.1,1,1
664,2024-09-23,JN.1,1,2
664,2024-09-23,JN.1,1,1
664,2024-09-23,JN.1,1,1
664,2024-09-23,JN.1,1,1
664,2024-09-23,JN.1,1,1
664,2024-09-23,JN.1,1,1
666,2024-09-25,JN.1,1,2
666,2024-09-25,JN.1,1,1
667,2024-09-26,JN.1,1,1
667,2024-09-26,JN.1,1,1
670,2024-09-29,JN.1,1,1
671,2024-09-30,JN.1,1,1
672,2024-10-01,JN.1,1,1
672,2024-10-01,JN.1,1,1
673,2024-10-02,JN.1,1,2
674,2024-10-03,JN.1,1,1
675,2024-10-04,JN.1,1,1
677,2024-10-06,JN.1,1,2
678,2024-10-07,JN.1,1,1
678,2024-10-07,JN.1,1,1
680,2024-10-09,JN.1,1,1
681,2024-10-10,JN.1,1,2
681,2024-10-10,JN.1,1,1
681,2024-10-10,JN.1,1,1
681,2024-10-10,JN.1,1,1
686,2024-10-15,JN.1,1,1
687,2024-10-16,JN.1,1,2
689,2024-10-18,JN.1,1,1
